ID,p1x,t_x,T,p2x
1,2,30.428571428571427,38.857142857142854,1
2,1,1.7142857142857142,38.857142857142854,0
3,0,0.0,38.857142857142854,0
4,0,0.0,38.857142857142854,0
5,0,0.0,38.857142857142854,0
6,7,29.428571428571427,38.857142857142854,8
7,1,5.0,38.857142857142854,0
8,0,0.0,38.857142857142854,2
9,2,35.714285714285715,38.857142857142854,2
10,0,0.0,38.857142857142854,0
11,5,24.428571428571427,38.857142857142854,1
12,0,0.0,38.857142857142854,0
13,0,0.0,38.857142857142854,7
14,0,0.0,38.857142857142854,0
15,0,0.0,38.857142857142854,0
16,0,0.0,38.857142857142854,0
17,10,34.142857142857146,38.857142857142854,2
18,1,4.857142857142857,38.857142857142854,0
19,3,28.285714285714285,38.714285714285715,2
20,0,0.0,38.714285714285715,0
21,2,14.571428571428571,38.714285714285715,0
22,0,0.0,38.714285714285715,0
23,0,0.0,38.714285714285715,0
24,0,0.0,38.714285714285715,0
25,0,0.0,38.714285714285715,1
26,1,1.5714285714285714,38.714285714285715,0
27,0,0.0,38.714285714285715,0
28,1,29.428571428571427,38.714285714285715,0
29,0,0.0,38.714285714285715,0
30,1,5.857142857142857,38.714285714285715,0
31,0,0.0,38.714285714285715,0
32,0,0.0,38.714285714285715,0
33,0,0.0,38.714285714285715,0
34,0,0.0,38.714285714285715,0
35,1,27.142857142857142,38.714285714285715,1
36,0,0.0,38.714285714285715,0
37,0,0.0,38.714285714285715,0
38,1,2.142857142857143,38.714285714285715,0
39,0,0.0,38.714285714285715,1
40,0,0.0,38.714285714285715,0
41,0,0.0,38.57142857142857,0
42,0,0.0,38.57142857142857,0
43,0,0.0,38.57142857142857,0
44,0,0.0,38.57142857142857,0
45,1,24.428571428571427,38.57142857142857,0
46,12,34.42857142857143,38.57142857142857,10
47,0,0.0,38.57142857142857,0
48,0,0.0,38.57142857142857,0
49,1,1.5714285714285714,38.57142857142857,0
50,0,0.0,38.57142857142857,0
51,0,0.0,38.57142857142857,1
52,0,0.0,38.57142857142857,0
53,0,0.0,38.57142857142857,1
54,0,0.0,38.57142857142857,0
55,0,0.0,38.57142857142857,0
56,2,33.142857142857146,38.57142857142857,0
57,1,4.285714285714286,38.57142857142857,1
58,0,0.0,38.42857142857143,0
59,1,38.42857142857143,38.42857142857143,2
60,0,0.0,38.42857142857143,0
61,4,29.428571428571427,38.42857142857143,3
62,0,0.0,38.42857142857143,0
63,1,16.142857142857142,38.42857142857143,1
64,0,0.0,38.42857142857143,0
65,0,0.0,38.42857142857143,0
66,0,0.0,38.42857142857143,0
67,2,21.142857142857142,38.42857142857143,1
68,0,0.0,38.42857142857143,0
69,0,0.0,38.42857142857143,0
70,3,29.285714285714285,38.42857142857143,1
71,0,0.0,38.42857142857143,0
72,0,0.0,38.42857142857143,0
73,1,5.857142857142857,38.42857142857143,1
74,0,0.0,38.42857142857143,0
75,1,5.142857142857143,38.42857142857143,0
76,0,0.0,38.42857142857143,0
77,0,0.0,38.42857142857143,0
78,0,0.0,38.285714285714285,0
79,3,16.857142857142858,38.285714285714285,0
80,0,0.0,38.285714285714285,0
81,0,0.0,38.285714285714285,0
82,1,7.428571428571429,38.285714285714285,0
83,0,0.0,38.285714285714285,0
84,0,0.0,38.285714285714285,0
85,0,0.0,38.285714285714285,0
86,7,26.428571428571427,38.285714285714285,4
87,0,0.0,38.285714285714285,0
88,10,35.42857142857143,38.285714285714285,4
89,0,0.0,38.285714285714285,0
90,0,0.0,38.285714285714285,0
91,1,33.285714285714285,38.285714285714285,0
92,6,37.42857142857143,38.285714285714285,1
93,0,0.0,38.285714285714285,0
94,0,0.0,38.285714285714285,0
95,0,0.0,38.285714285714285,0
96,0,0.0,38.285714285714285,0
97,0,0.0,38.285714285714285,0
98,2,31.857142857142858,38.285714285714285,2
99,4,37.57142857142857,38.285714285714285,3
100,1,23.857142857142858,38.285714285714285,0
101,5,36.142857142857146,38.142857142857146,4
102,0,0.0,38.142857142857146,0
103,0,0.0,38.142857142857146,0
104,0,0.0,38.142857142857146,0
105,1,24.142857142857142,38.142857142857146,0
106,1,6.142857142857143,38.142857142857146,0
107,0,0.0,38.142857142857146,0
108,0,0.0,38.142857142857146,0
109,1,0.2857142857142857,38.142857142857146,0
110,0,0.0,38.142857142857146,1
111,1,0.2857142857142857,38.142857142857146,1
112,0,0.0,38.142857142857146,0
113,0,0.0,38.142857142857146,0
114,1,24.142857142857142,38.142857142857146,0
115,0,0.0,38.142857142857146,0
116,1,5.285714285714286,38.142857142857146,2
117,0,0.0,38.142857142857146,0
118,0,0.0,38.142857142857146,0
119,0,0.0,38.142857142857146,0
120,0,0.0,38.142857142857146,0
121,1,3.0,38.142857142857146,0
122,0,0.0,38.142857142857146,0
123,0,0.0,38.142857142857146,0
124,0,0.0,38.142857142857146,0
125,1,7.142857142857143,38.142857142857146,1
126,0,0.0,38.0,0
127,0,0.0,38.0,0
128,0,0.0,38.0,0
129,4,7.571428571428571,38.0,0
130,3,26.0,38.0,0
131,0,0.0,38.0,1
132,1,24.0,38.0,0
133,2,28.428571428571427,38.0,5
134,0,0.0,38.0,1
135,1,23.428571428571427,38.0,2
136,2,7.428571428571429,38.0,0
137,0,0.0,38.0,0
138,2,16.857142857142858,38.0,4
139,1,2.142857142857143,38.0,0
140,1,15.714285714285714,38.0,0
141,0,0.0,38.0,0
142,5,6.857142857142857,38.0,2
143,2,28.571428571428573,38.0,0
144,7,34.142857142857146,38.0,5
145,2,35.714285714285715,38.0,0
146,0,0.0,38.0,0
147,4,29.285714285714285,38.0,1
148,13,37.857142857142854,38.0,5
149,0,0.0,38.0,5
150,4,33.0,38.0,2
151,4,35.285714285714285,38.0,0
152,0,0.0,38.0,0
153,0,0.0,38.0,0
154,1,2.857142857142857,38.0,0
155,0,0.0,38.0,0
156,1,6.428571428571429,38.0,0
157,29,37.714285714285715,38.0,14
158,0,0.0,37.857142857142854,0
159,3,24.714285714285715,37.857142857142854,0
160,0,0.0,37.857142857142854,0
161,0,0.0,37.857142857142854,1
162,1,2.0,37.857142857142854,0
163,0,0.0,37.857142857142854,0
164,10,37.0,37.857142857142854,6
165,0,0.0,37.857142857142854,0
166,0,0.0,37.857142857142854,1
167,13,28.142857142857142,37.857142857142854,16
168,0,0.0,37.857142857142854,0
169,0,0.0,37.857142857142854,0
170,1,37.42857142857143,37.857142857142854,2
171,0,0.0,37.857142857142854,0
172,0,0.0,37.857142857142854,0
173,0,0.0,37.857142857142854,0
174,0,0.0,37.857142857142854,0
175,0,0.0,37.857142857142854,0
176,0,0.0,37.714285714285715,0
177,0,0.0,37.714285714285715,0
178,6,32.857142857142854,37.714285714285715,8
179,8,36.142857142857146,37.714285714285715,7
180,0,0.0,37.714285714285715,0
181,0,0.0,37.714285714285715,0
182,0,0.0,37.714285714285715,0
183,1,5.0,37.714285714285715,3
184,0,0.0,37.714285714285715,0
185,4,36.142857142857146,37.714285714285715,2
186,0,0.0,37.714285714285715,0
187,2,7.857142857142857,37.714285714285715,1
188,3,21.142857142857142,37.714285714285715,1
189,3,6.0,37.714285714285715,0
190,0,0.0,37.714285714285715,0
191,0,0.0,37.714285714285715,0
192,0,0.0,37.714285714285715,0
193,0,0.0,37.714285714285715,0
194,0,0.0,37.714285714285715,0
195,6,27.0,37.714285714285715,0
196,0,0.0,37.714285714285715,0
197,1,1.5714285714285714,37.714285714285715,0
198,0,0.0,37.714285714285715,1
199,0,0.0,37.714285714285715,0
200,2,14.285714285714286,37.57142857142857,1
201,0,0.0,37.57142857142857,0
202,2,7.0,37.57142857142857,0
203,2,31.0,37.57142857142857,0
204,0,0.0,37.57142857142857,0
205,0,0.0,37.57142857142857,0
206,1,18.0,37.57142857142857,0
207,0,0.0,37.57142857142857,0
208,1,0.2857142857142857,37.57142857142857,0
209,0,0.0,37.57142857142857,0
210,0,0.0,37.57142857142857,0
211,7,17.857142857142858,37.57142857142857,6
212,0,0.0,37.57142857142857,0
213,0,0.0,37.57142857142857,1
214,0,0.0,37.57142857142857,0
215,2,29.0,37.57142857142857,1
216,0,0.0,37.57142857142857,1
217,4,24.285714285714285,37.57142857142857,1
218,0,0.0,37.42857142857143,1
219,1,14.857142857142858,37.42857142857143,0
220,1,27.428571428571427,37.42857142857143,0
221,0,0.0,37.42857142857143,0
222,0,0.0,37.42857142857143,0
223,0,0.0,37.42857142857143,0
224,0,0.0,37.42857142857143,0
225,0,0.0,37.42857142857143,0
226,2,11.428571428571429,37.42857142857143,0
227,0,0.0,37.42857142857143,0
228,1,2.0,37.42857142857143,0
229,1,1.8571428571428572,37.42857142857143,0
230,2,33.0,37.42857142857143,1
231,0,0.0,37.42857142857143,2
232,3,36.57142857142857,37.42857142857143,4
233,0,0.0,37.42857142857143,0
234,0,0.0,37.42857142857143,0
235,0,0.0,37.42857142857143,0
236,0,0.0,37.42857142857143,0
237,0,0.0,37.42857142857143,0
238,0,0.0,37.42857142857143,0
239,0,0.0,37.42857142857143,0
240,0,0.0,37.42857142857143,0
241,0,0.0,37.42857142857143,5
242,4,31.428571428571427,37.42857142857143,1
243,1,8.285714285714286,37.285714285714285,4
244,5,5.142857142857143,37.285714285714285,0
245,0,0.0,37.285714285714285,0
246,0,0.0,37.285714285714285,0
247,2,24.0,37.285714285714285,0
248,0,0.0,37.285714285714285,0
249,1,1.8571428571428572,37.285714285714285,0
250,2,20.428571428571427,37.285714285714285,1
251,0,0.0,37.285714285714285,0
252,0,0.0,37.285714285714285,0
253,1,32.0,37.285714285714285,1
254,0,0.0,37.285714285714285,0
255,1,0.42857142857142855,37.285714285714285,2
256,0,0.0,37.285714285714285,0
257,5,16.142857142857142,37.285714285714285,1
258,0,0.0,37.285714285714285,0
259,0,0.0,37.285714285714285,0
260,1,5.857142857142857,37.285714285714285,0
261,2,28.571428571428573,37.285714285714285,0
262,0,0.0,37.285714285714285,0
263,1,36.857142857142854,37.285714285714285,1
264,0,0.0,37.285714285714285,0
265,0,0.0,37.285714285714285,0
266,1,0.14285714285714285,37.285714285714285,0
267,2,35.57142857142857,37.285714285714285,1
268,1,5.714285714285714,37.285714285714285,0
269,0,0.0,37.142857142857146,0
270,1,2.0,37.142857142857146,0
271,0,0.0,37.142857142857146,0
272,1,3.857142857142857,37.142857142857146,1
273,0,0.0,37.142857142857146,0
274,3,24.285714285714285,37.142857142857146,0
275,1,34.0,37.142857142857146,3
276,13,30.714285714285715,37.142857142857146,1
277,0,0.0,37.142857142857146,0
278,0,0.0,37.142857142857146,0
279,0,0.0,37.142857142857146,0
280,0,0.0,37.142857142857146,0
281,0,0.0,37.142857142857146,0
282,3,19.428571428571427,37.142857142857146,0
283,3,32.857142857142854,37.142857142857146,0
284,1,3.0,37.142857142857146,0
285,0,0.0,37.142857142857146,0
286,0,0.0,37.142857142857146,0
287,3,31.571428571428573,37.142857142857146,5
288,0,0.0,37.142857142857146,0
289,5,36.42857142857143,37.142857142857146,6
290,0,0.0,37.142857142857146,0
291,2,35.42857142857143,37.142857142857146,0
292,1,0.42857142857142855,37.142857142857146,0
293,0,0.0,37.142857142857146,0
294,1,0.7142857142857143,37.142857142857146,2
295,0,0.0,37.142857142857146,0
296,0,0.0,37.142857142857146,0
297,1,15.285714285714286,37.0,1
298,1,1.1428571428571428,37.0,3
299,0,0.0,37.0,0
300,0,0.0,37.0,0
301,0,0.0,37.0,0
302,3,34.42857142857143,37.0,0
303,1,36.285714285714285,37.0,0
304,1,17.857142857142858,37.0,1
305,0,0.0,37.0,0
306,1,3.4285714285714284,37.0,1
307,0,0.0,37.0,0
308,0,0.0,37.0,0
309,0,0.0,37.0,0
310,4,4.285714285714286,37.0,0
311,0,0.0,37.0,0
312,2,34.57142857142857,37.0,3
313,0,0.0,37.0,0
314,3,27.714285714285715,37.0,1
315,0,0.0,37.0,0
316,0,0.0,37.0,0
317,1,19.857142857142858,37.0,1
318,0,0.0,37.0,0
319,1,16.571428571428573,37.0,2
320,0,0.0,37.0,1
321,2,32.0,37.0,1
322,0,0.0,36.857142857142854,0
323,1,8.857142857142858,36.857142857142854,0
324,3,2.7142857142857144,36.857142857142854,7
325,25,27.285714285714285,36.857142857142854,2
326,0,0.0,36.857142857142854,0
327,0,0.0,36.857142857142854,0
328,0,0.0,36.857142857142854,0
329,0,0.0,36.857142857142854,0
330,5,22.571428571428573,36.857142857142854,1
331,0,0.0,36.857142857142854,0
332,2,14.142857142857142,36.857142857142854,0
333,0,0.0,36.857142857142854,0
334,0,0.0,36.857142857142854,0
335,0,0.0,36.857142857142854,0
336,5,36.0,36.857142857142854,2
337,0,0.0,36.857142857142854,0
338,0,0.0,36.857142857142854,3
339,1,22.428571428571427,36.857142857142854,1
340,0,0.0,36.857142857142854,0
341,0,0.0,36.857142857142854,0
342,0,0.0,36.857142857142854,0
343,0,0.0,36.857142857142854,0
344,2,22.571428571428573,36.714285714285715,1
345,0,0.0,36.714285714285715,0
346,0,0.0,36.714285714285715,0
347,0,0.0,36.714285714285715,0
348,1,22.571428571428573,36.714285714285715,0
349,0,0.0,36.714285714285715,0
350,2,22.571428571428573,36.714285714285715,0
351,1,9.571428571428571,36.714285714285715,0
352,0,0.0,36.714285714285715,0
353,0,0.0,36.714285714285715,0
354,0,0.0,36.714285714285715,0
355,0,0.0,36.714285714285715,0
356,0,0.0,36.714285714285715,0
357,1,2.5714285714285716,36.714285714285715,0
358,2,23.714285714285715,36.714285714285715,0
359,0,0.0,36.714285714285715,0
360,0,0.0,36.714285714285715,0
361,0,0.0,36.714285714285715,0
362,0,0.0,36.714285714285715,0
363,2,10.571428571428571,36.714285714285715,0
364,4,28.714285714285715,36.714285714285715,1
365,0,0.0,36.714285714285715,0
366,0,0.0,36.57142857142857,0
367,1,11.714285714285714,36.57142857142857,2
368,3,17.428571428571427,36.57142857142857,2
369,0,0.0,36.57142857142857,0
370,1,14.142857142857142,36.57142857142857,1
371,0,0.0,36.57142857142857,1
372,0,0.0,36.57142857142857,0
373,0,0.0,36.57142857142857,0
374,0,0.0,36.57142857142857,0
375,0,0.0,36.57142857142857,0
376,1,5.714285714285714,36.57142857142857,2
377,1,10.428571428571429,36.57142857142857,0
378,1,22.0,36.57142857142857,0
379,0,0.0,36.57142857142857,0
380,0,0.0,36.57142857142857,0
381,0,0.0,36.57142857142857,0
382,11,36.42857142857143,36.57142857142857,10
383,0,0.0,36.57142857142857,0
384,0,0.0,36.57142857142857,0
385,4,31.142857142857142,36.57142857142857,3
386,0,0.0,36.57142857142857,0
387,0,0.0,36.57142857142857,0
388,1,15.285714285714286,36.42857142857143,0
389,2,10.142857142857142,36.42857142857143,1
390,0,0.0,36.42857142857143,0
391,0,0.0,36.42857142857143,0
392,0,0.0,36.42857142857143,0
393,0,0.0,36.42857142857143,0
394,1,25.857142857142858,36.42857142857143,0
395,1,4.428571428571429,36.42857142857143,0
396,0,0.0,36.42857142857143,1
397,3,21.285714285714285,36.42857142857143,0
398,1,8.0,36.42857142857143,0
399,0,0.0,36.42857142857143,0
400,0,0.0,36.42857142857143,0
401,2,21.857142857142858,36.42857142857143,0
402,0,0.0,36.42857142857143,0
403,8,31.142857142857142,36.42857142857143,4
404,1,6.142857142857143,36.42857142857143,1
405,0,0.0,36.42857142857143,0
406,2,15.857142857142858,36.42857142857143,0
407,1,31.857142857142858,36.42857142857143,1
408,0,0.0,36.42857142857143,0
409,0,0.0,36.42857142857143,0
410,1,21.714285714285715,36.42857142857143,3
411,0,0.0,36.42857142857143,0
412,2,3.4285714285714284,36.42857142857143,2
413,0,0.0,36.42857142857143,0
414,0,0.0,36.42857142857143,1
415,3,20.857142857142858,36.285714285714285,4
416,0,0.0,36.285714285714285,0
417,0,0.0,36.285714285714285,0
418,0,0.0,36.285714285714285,0
419,0,0.0,36.285714285714285,1
420,0,0.0,36.285714285714285,1
421,0,0.0,36.285714285714285,0
422,2,12.428571428571429,36.285714285714285,1
423,2,19.714285714285715,36.285714285714285,0
424,0,0.0,36.285714285714285,4
425,0,0.0,36.285714285714285,0
426,0,0.0,36.285714285714285,0
427,1,4.428571428571429,36.285714285714285,0
428,2,30.0,36.285714285714285,4
429,0,0.0,36.285714285714285,0
430,0,0.0,36.285714285714285,0
431,0,0.0,36.285714285714285,1
432,0,0.0,36.285714285714285,0
433,0,0.0,36.285714285714285,0
434,1,8.428571428571429,36.285714285714285,1
435,0,0.0,36.285714285714285,0
436,0,0.0,36.285714285714285,0
437,0,0.0,36.285714285714285,0
438,0,0.0,36.285714285714285,0
439,1,18.142857142857142,36.285714285714285,0
440,2,26.142857142857142,36.285714285714285,0
441,4,26.714285714285715,36.285714285714285,6
442,0,0.0,36.285714285714285,0
443,0,0.0,36.285714285714285,0
444,2,3.142857142857143,36.142857142857146,1
445,0,0.0,36.142857142857146,0
446,6,27.142857142857142,36.142857142857146,1
447,0,0.0,36.142857142857146,0
448,1,2.142857142857143,36.142857142857146,0
449,0,0.0,36.142857142857146,0
450,1,7.857142857142857,36.142857142857146,0
451,1,8.857142857142858,36.142857142857146,1
452,1,17.0,36.142857142857146,0
453,2,11.0,36.142857142857146,0
454,1,27.142857142857142,36.142857142857146,0
455,0,0.0,36.142857142857146,0
456,7,28.285714285714285,36.142857142857146,4
457,4,15.142857142857142,36.142857142857146,0
458,0,0.0,36.142857142857146,0
459,0,0.0,36.142857142857146,0
460,0,0.0,36.142857142857146,0
461,7,25.428571428571427,36.142857142857146,4
462,0,0.0,36.142857142857146,0
463,1,8.571428571428571,36.142857142857146,0
464,1,17.0,36.142857142857146,2
465,0,0.0,36.142857142857146,0
466,2,23.0,36.142857142857146,1
467,1,31.571428571428573,36.142857142857146,0
468,0,0.0,36.142857142857146,1
469,4,30.428571428571427,36.142857142857146,2
470,0,0.0,36.142857142857146,1
471,1,2.4285714285714284,36.142857142857146,1
472,0,0.0,36.142857142857146,0
473,0,0.0,36.142857142857146,0
474,2,33.714285714285715,36.142857142857146,1
475,0,0.0,36.142857142857146,0
476,0,0.0,36.142857142857146,0
477,4,36.0,36.142857142857146,2
478,0,0.0,36.142857142857146,2
479,0,0.0,36.0,0
480,2,21.285714285714285,36.0,2
481,1,21.571428571428573,36.0,1
482,0,0.0,36.0,0
483,1,8.571428571428571,36.0,0
484,0,0.0,36.0,0
485,11,33.142857142857146,36.0,0
486,0,0.0,36.0,0
487,4,9.0,36.0,0
488,0,0.0,36.0,0
489,0,0.0,36.0,0
490,0,0.0,36.0,1
491,4,17.428571428571427,36.0,3
492,0,0.0,36.0,1
493,3,30.428571428571427,36.0,1
494,0,0.0,36.0,0
495,1,36.0,36.0,1
496,1,2.142857142857143,36.0,0
497,0,0.0,36.0,0
498,0,0.0,36.0,0
499,6,26.571428571428573,36.0,4
500,3,5.571428571428571,36.0,0
501,0,0.0,36.0,0
502,0,0.0,36.0,0
503,0,0.0,36.0,0
504,0,0.0,35.857142857142854,0
505,2,14.285714285714286,35.857142857142854,1
506,0,0.0,35.857142857142854,0
507,2,31.0,35.857142857142854,2
508,0,0.0,35.857142857142854,0
509,18,35.142857142857146,35.857142857142854,5
510,0,0.0,35.857142857142854,0
511,1,5.285714285714286,35.857142857142854,0
512,0,0.0,35.857142857142854,0
513,1,7.857142857142857,35.857142857142854,0
514,0,0.0,35.857142857142854,0
515,0,0.0,35.857142857142854,0
516,0,0.0,35.857142857142854,2
517,5,29.571428571428573,35.857142857142854,1
518,0,0.0,35.857142857142854,0
519,1,35.857142857142854,35.857142857142854,1
520,0,0.0,35.857142857142854,0
521,6,34.857142857142854,35.857142857142854,8
522,0,0.0,35.857142857142854,0
523,2,11.142857142857142,35.857142857142854,0
524,0,0.0,35.857142857142854,0
525,0,0.0,35.857142857142854,0
526,2,22.714285714285715,35.857142857142854,4
527,0,0.0,35.857142857142854,0
528,1,29.857142857142858,35.857142857142854,1
529,1,20.857142857142858,35.714285714285715,10
530,0,0.0,35.714285714285715,0
531,0,0.0,35.714285714285715,0
532,1,12.857142857142858,35.714285714285715,1
533,0,0.0,35.714285714285715,0
534,1,4.571428571428571,35.714285714285715,0
535,2,29.428571428571427,35.714285714285715,2
536,0,0.0,35.714285714285715,0
537,0,0.0,35.714285714285715,0
538,0,0.0,35.714285714285715,0
539,1,0.14285714285714285,35.714285714285715,0
540,0,0.0,35.714285714285715,0
541,2,31.714285714285715,35.714285714285715,6
542,0,0.0,35.714285714285715,0
543,2,22.428571428571427,35.714285714285715,0
544,0,0.0,35.714285714285715,0
545,0,0.0,35.714285714285715,0
546,0,0.0,35.714285714285715,0
547,0,0.0,35.714285714285715,0
548,1,22.0,35.714285714285715,0
549,10,33.57142857142857,35.714285714285715,9
550,0,0.0,35.714285714285715,0
551,1,6.714285714285714,35.714285714285715,0
552,3,3.4285714285714284,35.714285714285715,0
553,3,23.714285714285715,35.714285714285715,1
554,0,0.0,35.714285714285715,0
555,2,32.42857142857143,35.714285714285715,0
556,0,0.0,35.714285714285715,0
557,0,0.0,35.714285714285715,0
558,12,23.857142857142858,35.57142857142857,0
559,0,0.0,35.57142857142857,0
560,1,7.571428571428571,35.57142857142857,0
561,2,29.0,35.57142857142857,3
562,2,34.42857142857143,35.57142857142857,0
563,0,0.0,35.57142857142857,0
564,0,0.0,35.57142857142857,0
565,0,0.0,35.57142857142857,0
566,0,0.0,35.57142857142857,0
567,5,33.42857142857143,35.57142857142857,2
568,0,0.0,35.57142857142857,2
569,0,0.0,35.57142857142857,0
570,2,24.857142857142858,35.57142857142857,2
571,0,0.0,35.57142857142857,0
572,5,8.714285714285714,35.57142857142857,1
573,0,0.0,35.57142857142857,3
574,1,26.714285714285715,35.57142857142857,0
575,1,5.428571428571429,35.57142857142857,0
576,0,0.0,35.57142857142857,0
577,1,7.285714285714286,35.57142857142857,0
578,0,0.0,35.57142857142857,0
579,0,0.0,35.57142857142857,0
580,0,0.0,35.57142857142857,0
581,0,0.0,35.57142857142857,0
582,0,0.0,35.57142857142857,0
583,0,0.0,35.57142857142857,0
584,1,35.42857142857143,35.42857142857143,1
585,2,21.571428571428573,35.42857142857143,0
586,0,0.0,35.42857142857143,0
587,0,0.0,35.42857142857143,0
588,0,0.0,35.42857142857143,0
589,0,0.0,35.42857142857143,0
590,0,0.0,35.42857142857143,0
591,0,0.0,35.42857142857143,0
592,1,29.0,35.42857142857143,0
593,7,17.142857142857142,35.42857142857143,1
594,0,0.0,35.42857142857143,0
595,0,0.0,35.42857142857143,0
596,2,32.714285714285715,35.42857142857143,4
597,0,0.0,35.42857142857143,0
598,0,0.0,35.42857142857143,3
599,2,25.857142857142858,35.42857142857143,2
600,0,0.0,35.42857142857143,1
601,4,21.428571428571427,35.42857142857143,0
602,0,0.0,35.42857142857143,1
603,0,0.0,35.42857142857143,0
604,3,30.0,35.42857142857143,0
605,0,0.0,35.42857142857143,0
606,1,31.285714285714285,35.42857142857143,0
607,0,0.0,35.42857142857143,0
608,2,13.571428571428571,35.42857142857143,0
609,2,22.0,35.42857142857143,0
610,0,0.0,35.42857142857143,0
611,1,10.285714285714286,35.285714285714285,0
612,1,20.857142857142858,35.285714285714285,0
613,2,33.57142857142857,35.285714285714285,2
614,0,0.0,35.285714285714285,0
615,0,0.0,35.285714285714285,0
616,0,0.0,35.285714285714285,0
617,0,0.0,35.285714285714285,0
618,2,3.857142857142857,35.285714285714285,0
619,0,0.0,35.285714285714285,0
620,0,0.0,35.285714285714285,0
621,1,7.857142857142857,35.285714285714285,0
622,0,0.0,35.285714285714285,0
623,1,23.857142857142858,35.285714285714285,0
624,0,0.0,35.285714285714285,0
625,3,11.142857142857142,35.285714285714285,0
626,0,0.0,35.285714285714285,0
627,0,0.0,35.285714285714285,0
628,0,0.0,35.285714285714285,0
629,0,0.0,35.285714285714285,0
630,1,34.285714285714285,35.285714285714285,2
631,0,0.0,35.285714285714285,0
632,0,0.0,35.285714285714285,0
633,1,2.7142857142857144,35.285714285714285,0
634,0,0.0,35.285714285714285,0
635,0,0.0,35.285714285714285,0
636,0,0.0,35.285714285714285,0
637,0,0.0,35.142857142857146,0
638,0,0.0,35.142857142857146,0
639,0,0.0,35.142857142857146,0
640,0,0.0,35.142857142857146,0
641,3,26.714285714285715,35.142857142857146,6
642,0,0.0,35.142857142857146,0
643,4,28.428571428571427,35.142857142857146,0
644,0,0.0,35.142857142857146,1
645,0,0.0,35.142857142857146,2
646,0,0.0,35.142857142857146,0
647,0,0.0,35.142857142857146,0
648,2,11.571428571428571,35.142857142857146,2
649,1,8.571428571428571,35.142857142857146,4
650,1,6.428571428571429,35.142857142857146,1
651,0,0.0,35.142857142857146,2
652,0,0.0,35.142857142857146,0
653,0,0.0,35.142857142857146,0
654,0,0.0,35.142857142857146,0
655,5,31.142857142857142,35.142857142857146,0
656,1,5.857142857142857,35.142857142857146,0
657,0,0.0,35.142857142857146,1
658,0,0.0,35.142857142857146,0
659,1,7.142857142857143,35.142857142857146,0
660,2,8.285714285714286,35.142857142857146,0
661,1,33.714285714285715,35.142857142857146,0
662,0,0.0,35.142857142857146,0
663,0,0.0,35.142857142857146,0
664,0,0.0,35.142857142857146,0
665,0,0.0,35.142857142857146,1
666,1,20.857142857142858,35.0,0
667,0,0.0,35.0,0
668,8,33.57142857142857,35.0,0
669,1,4.428571428571429,35.0,0
670,0,0.0,35.0,0
671,6,29.285714285714285,35.0,3
672,1,8.142857142857142,35.0,0
673,2,3.857142857142857,35.0,4
674,0,0.0,35.0,0
675,3,25.285714285714285,35.0,2
676,6,23.0,35.0,0
677,0,0.0,35.0,0
678,1,20.428571428571427,35.0,0
679,0,0.0,35.0,0
680,2,16.285714285714285,35.0,0
681,5,25.142857142857142,35.0,7
682,0,0.0,35.0,0
683,1,28.0,35.0,0
684,0,0.0,35.0,0
685,0,0.0,35.0,0
686,0,0.0,35.0,0
687,0,0.0,35.0,0
688,0,0.0,35.0,0
689,0,0.0,35.0,0
690,1,18.857142857142858,35.0,1
691,1,6.0,35.0,0
692,0,0.0,35.0,0
693,13,34.42857142857143,35.0,6
694,0,0.0,35.0,0
695,0,0.0,35.0,0
696,1,3.5714285714285716,35.0,0
697,3,25.857142857142858,34.857142857142854,0
698,0,0.0,34.857142857142854,0
699,5,14.428571428571429,34.857142857142854,2
700,0,0.0,34.857142857142854,1
701,2,17.428571428571427,34.857142857142854,2
702,1,22.857142857142858,34.857142857142854,0
703,0,0.0,34.857142857142854,0
704,0,0.0,34.857142857142854,0
705,1,11.142857142857142,34.857142857142854,0
706,0,0.0,34.857142857142854,0
707,1,4.0,34.857142857142854,0
708,1,0.5714285714285714,34.857142857142854,0
709,0,0.0,34.857142857142854,0
710,0,0.0,34.857142857142854,0
711,0,0.0,34.857142857142854,0
712,4,30.571428571428573,34.857142857142854,1
713,6,33.57142857142857,34.857142857142854,5
714,1,1.7142857142857142,34.857142857142854,0
715,2,9.714285714285714,34.857142857142854,0
716,0,0.0,34.857142857142854,2
717,0,0.0,34.857142857142854,2
718,2,12.0,34.857142857142854,1
719,0,0.0,34.857142857142854,0
720,7,34.857142857142854,34.857142857142854,1
721,0,0.0,34.857142857142854,0
722,0,0.0,34.857142857142854,0
723,0,0.0,34.857142857142854,0
724,0,0.0,34.857142857142854,0
725,0,0.0,34.857142857142854,0
726,3,20.285714285714285,34.857142857142854,0
727,0,0.0,34.857142857142854,0
728,5,17.0,34.857142857142854,0
729,0,0.0,34.857142857142854,0
730,2,10.571428571428571,34.714285714285715,0
731,1,4.571428571428571,34.714285714285715,2
732,3,33.714285714285715,34.714285714285715,1
733,0,0.0,34.714285714285715,0
734,0,0.0,34.714285714285715,0
735,0,0.0,34.714285714285715,0
736,0,0.0,34.714285714285715,1
737,0,0.0,34.714285714285715,0
738,0,0.0,34.714285714285715,0
739,1,13.285714285714286,34.714285714285715,1
740,0,0.0,34.714285714285715,0
741,1,24.857142857142858,34.714285714285715,1
742,0,0.0,34.714285714285715,0
743,0,0.0,34.714285714285715,3
744,0,0.0,34.714285714285715,0
745,2,14.428571428571429,34.714285714285715,2
746,0,0.0,34.714285714285715,0
747,1,12.571428571428571,34.714285714285715,3
748,0,0.0,34.714285714285715,0
749,0,0.0,34.714285714285715,0
750,1,7.142857142857143,34.714285714285715,0
751,10,29.285714285714285,34.714285714285715,2
752,0,0.0,34.714285714285715,0
753,0,0.0,34.714285714285715,0
754,0,0.0,34.714285714285715,0
755,0,0.0,34.714285714285715,0
756,3,16.428571428571427,34.714285714285715,1
757,3,17.142857142857142,34.714285714285715,0
758,0,0.0,34.714285714285715,0
759,0,0.0,34.714285714285715,0
760,2,9.142857142857142,34.57142857142857,0
761,5,34.57142857142857,34.57142857142857,2
762,4,23.142857142857142,34.57142857142857,2
763,0,0.0,34.57142857142857,2
764,0,0.0,34.57142857142857,0
765,0,0.0,34.57142857142857,0
766,0,0.0,34.57142857142857,0
767,0,0.0,34.57142857142857,2
768,0,0.0,34.57142857142857,0
769,0,0.0,34.57142857142857,0
770,1,3.7142857142857144,34.57142857142857,0
771,0,0.0,34.57142857142857,0
772,0,0.0,34.57142857142857,0
773,0,0.0,34.57142857142857,0
774,0,0.0,34.57142857142857,0
775,1,16.0,34.57142857142857,1
776,1,0.2857142857142857,34.57142857142857,0
777,3,9.285714285714286,34.57142857142857,0
778,1,8.714285714285714,34.57142857142857,0
779,0,0.0,34.57142857142857,0
780,0,0.0,34.57142857142857,0
781,0,0.0,34.57142857142857,0
782,0,0.0,34.42857142857143,0
783,6,32.857142857142854,34.42857142857143,6
784,2,25.571428571428573,34.42857142857143,0
785,0,0.0,34.42857142857143,0
786,0,0.0,34.42857142857143,0
787,0,0.0,34.42857142857143,0
788,0,0.0,34.42857142857143,0
789,0,0.0,34.42857142857143,0
790,0,0.0,34.42857142857143,0
791,0,0.0,34.42857142857143,2
792,0,0.0,34.42857142857143,3
793,1,2.142857142857143,34.42857142857143,0
794,6,30.857142857142858,34.42857142857143,0
795,0,0.0,34.42857142857143,0
796,1,5.857142857142857,34.42857142857143,0
797,0,0.0,34.42857142857143,0
798,2,8.142857142857142,34.42857142857143,1
799,0,0.0,34.42857142857143,1
800,0,0.0,34.42857142857143,0
801,7,33.714285714285715,34.42857142857143,4
802,0,0.0,34.42857142857143,0
803,0,0.0,34.42857142857143,0
804,0,0.0,34.42857142857143,0
805,2,20.714285714285715,34.42857142857143,1
806,0,0.0,34.42857142857143,0
807,0,0.0,34.42857142857143,0
808,0,0.0,34.42857142857143,0
809,0,0.0,34.42857142857143,0
810,2,12.714285714285714,34.42857142857143,6
811,0,0.0,34.285714285714285,0
812,1,7.285714285714286,34.285714285714285,1
813,13,33.857142857142854,34.285714285714285,19
814,7,5.571428571428571,34.285714285714285,0
815,0,0.0,34.285714285714285,0
816,0,0.0,34.285714285714285,0
817,3,32.0,34.285714285714285,0
818,0,0.0,34.285714285714285,0
819,1,22.142857142857142,34.285714285714285,0
820,0,0.0,34.285714285714285,0
821,1,4.714285714285714,34.285714285714285,0
822,1,19.714285714285715,34.285714285714285,0
823,2,0.8571428571428571,34.285714285714285,0
824,0,0.0,34.285714285714285,0
825,0,0.0,34.285714285714285,0
826,0,0.0,34.285714285714285,0
827,1,8.285714285714286,34.285714285714285,0
828,0,0.0,34.285714285714285,0
829,0,0.0,34.285714285714285,0
830,1,21.142857142857142,34.285714285714285,0
831,1,23.857142857142858,34.285714285714285,0
832,0,0.0,34.285714285714285,0
833,0,0.0,34.285714285714285,0
834,0,0.0,34.285714285714285,1
835,0,0.0,34.285714285714285,0
836,2,31.0,34.285714285714285,0
837,1,0.5714285714285714,34.285714285714285,0
838,0,0.0,34.285714285714285,0
839,0,0.0,34.285714285714285,1
840,1,26.714285714285715,34.285714285714285,3
841,19,34.0,34.142857142857146,13
842,2,21.0,34.142857142857146,0
843,2,28.0,34.142857142857146,1
844,0,0.0,34.142857142857146,0
845,2,21.0,34.142857142857146,0
846,2,14.0,34.142857142857146,0
847,0,0.0,34.142857142857146,0
848,0,0.0,34.142857142857146,0
849,0,0.0,34.142857142857146,0
850,1,6.571428571428571,34.142857142857146,0
851,0,0.0,34.142857142857146,0
852,0,0.0,34.142857142857146,0
853,0,0.0,34.142857142857146,0
854,1,0.42857142857142855,34.142857142857146,2
855,0,0.0,34.142857142857146,0
856,1,10.571428571428571,34.142857142857146,5
857,0,0.0,34.142857142857146,0
858,1,1.4285714285714286,34.142857142857146,0
859,0,0.0,34.142857142857146,0
860,0,0.0,34.142857142857146,0
861,2,18.285714285714285,34.142857142857146,2
862,0,0.0,34.142857142857146,0
863,0,0.0,34.142857142857146,0
864,0,0.0,34.142857142857146,0
865,1,14.857142857142858,34.142857142857146,0
866,0,0.0,34.142857142857146,0
867,7,31.428571428571427,34.142857142857146,13
868,0,0.0,34.142857142857146,0
869,0,0.0,34.142857142857146,0
870,0,0.0,34.142857142857146,2
871,0,0.0,34.142857142857146,0
872,0,0.0,34.142857142857146,0
873,1,0.14285714285714285,34.142857142857146,0
874,0,0.0,34.142857142857146,0
875,0,0.0,34.142857142857146,0
876,1,27.714285714285715,34.142857142857146,0
877,1,16.571428571428573,34.0,0
878,0,0.0,34.0,0
879,0,0.0,34.0,0
880,2,8.714285714285714,34.0,4
881,0,0.0,34.0,0
882,1,9.857142857142858,34.0,1
883,1,15.285714285714286,34.0,0
884,0,0.0,34.0,0
885,0,0.0,34.0,0
886,4,28.142857142857142,34.0,2
887,0,0.0,34.0,1
888,0,0.0,34.0,0
889,1,13.714285714285714,34.0,0
890,0,0.0,34.0,0
891,0,0.0,34.0,0
892,0,0.0,34.0,0
893,1,23.857142857142858,34.0,0
894,0,0.0,34.0,0
895,0,0.0,34.0,0
896,0,0.0,34.0,0
897,5,14.714285714285714,34.0,0
898,1,10.285714285714286,34.0,0
899,0,0.0,34.0,3
900,1,24.857142857142858,34.0,3
901,0,0.0,34.0,0
902,1,9.714285714285714,34.0,1
903,0,0.0,34.0,1
904,1,2.2857142857142856,34.0,0
905,0,0.0,34.0,0
906,0,0.0,34.0,1
907,0,0.0,34.0,0
908,7,26.0,34.0,1
909,2,20.142857142857142,34.0,3
910,1,12.714285714285714,34.0,1
911,0,0.0,34.0,0
912,0,0.0,34.0,0
913,0,0.0,33.857142857142854,0
914,0,0.0,33.857142857142854,1
915,0,0.0,33.857142857142854,0
916,1,15.714285714285714,33.857142857142854,0
917,0,0.0,33.857142857142854,0
918,0,0.0,33.857142857142854,0
919,0,0.0,33.857142857142854,0
920,0,0.0,33.857142857142854,0
921,2,32.714285714285715,33.857142857142854,4
922,0,0.0,33.857142857142854,0
923,0,0.0,33.857142857142854,0
924,0,0.0,33.857142857142854,3
925,0,0.0,33.857142857142854,0
926,0,0.0,33.857142857142854,0
927,0,0.0,33.857142857142854,3
928,1,8.571428571428571,33.857142857142854,1
929,0,0.0,33.857142857142854,0
930,4,26.142857142857142,33.857142857142854,0
931,0,0.0,33.857142857142854,0
932,1,4.571428571428571,33.857142857142854,3
933,1,23.0,33.857142857142854,0
934,0,0.0,33.857142857142854,0
935,1,2.5714285714285716,33.857142857142854,0
936,0,0.0,33.857142857142854,0
937,1,3.7142857142857144,33.857142857142854,0
938,2,33.0,33.714285714285715,0
939,0,0.0,33.714285714285715,0
940,1,3.0,33.714285714285715,1
941,0,0.0,33.714285714285715,0
942,0,0.0,33.714285714285715,0
943,0,0.0,33.714285714285715,0
944,2,33.714285714285715,33.714285714285715,1
945,0,0.0,33.714285714285715,0
946,4,15.285714285714286,33.714285714285715,1
947,0,0.0,33.714285714285715,0
948,1,6.142857142857143,33.714285714285715,0
949,7,32.57142857142857,33.714285714285715,5
950,1,1.1428571428571428,33.714285714285715,0
951,0,0.0,33.714285714285715,0
952,1,2.2857142857142856,33.714285714285715,0
953,0,0.0,33.714285714285715,0
954,0,0.0,33.714285714285715,0
955,4,24.0,33.714285714285715,0
956,0,0.0,33.714285714285715,1
957,1,6.714285714285714,33.714285714285715,0
958,0,0.0,33.714285714285715,0
959,0,0.0,33.714285714285715,0
960,0,0.0,33.714285714285715,0
961,0,0.0,33.714285714285715,0
962,1,1.0,33.714285714285715,1
963,0,0.0,33.714285714285715,0
964,7,30.142857142857142,33.714285714285715,4
965,1,11.0,33.714285714285715,1
966,0,0.0,33.714285714285715,1
967,6,29.857142857142858,33.714285714285715,4
968,0,0.0,33.714285714285715,3
969,5,18.285714285714285,33.714285714285715,2
970,0,0.0,33.714285714285715,0
971,2,14.285714285714286,33.714285714285715,0
972,0,0.0,33.714285714285715,0
973,1,17.428571428571427,33.714285714285715,0
974,0,0.0,33.714285714285715,0
975,6,30.428571428571427,33.714285714285715,0
976,0,0.0,33.714285714285715,0
977,2,11.428571428571429,33.714285714285715,1
978,0,0.0,33.714285714285715,0
979,0,0.0,33.714285714285715,4
980,0,0.0,33.714285714285715,0
981,2,16.0,33.57142857142857,0
982,2,27.142857142857142,33.57142857142857,1
983,0,0.0,33.57142857142857,1
984,0,0.0,33.57142857142857,0
985,6,25.0,33.57142857142857,1
986,0,0.0,33.57142857142857,0
987,0,0.0,33.57142857142857,0
988,1,20.0,33.57142857142857,0
989,0,0.0,33.57142857142857,0
990,1,24.285714285714285,33.57142857142857,5
991,0,0.0,33.57142857142857,0
992,0,0.0,33.57142857142857,0
993,0,0.0,33.57142857142857,0
994,2,10.714285714285714,33.57142857142857,1
995,0,0.0,33.57142857142857,0
996,0,0.0,33.57142857142857,0
997,0,0.0,33.57142857142857,0
998,0,0.0,33.57142857142857,0
999,1,1.7142857142857142,33.57142857142857,0
1000,4,24.428571428571427,33.57142857142857,3
1001,0,0.0,33.57142857142857,0
1002,0,0.0,33.57142857142857,0
1003,1,26.714285714285715,33.57142857142857,0
1004,0,0.0,33.57142857142857,0
1005,1,3.857142857142857,33.57142857142857,0
1006,0,0.0,33.57142857142857,0
1007,0,0.0,33.42857142857143,0
1008,1,1.4285714285714286,33.42857142857143,4
1009,0,0.0,33.42857142857143,0
1010,5,21.142857142857142,33.42857142857143,0
1011,2,18.857142857142858,33.42857142857143,4
1012,0,0.0,33.42857142857143,1
1013,0,0.0,33.42857142857143,1
1014,0,0.0,33.42857142857143,0
1015,3,26.0,33.42857142857143,0
1016,0,0.0,33.42857142857143,0
1017,12,32.42857142857143,33.42857142857143,13
1018,1,9.142857142857142,33.42857142857143,3
1019,0,0.0,33.42857142857143,0
1020,0,0.0,33.42857142857143,0
1021,2,21.428571428571427,33.42857142857143,0
1022,0,0.0,33.42857142857143,0
1023,0,0.0,33.42857142857143,0
1024,0,0.0,33.42857142857143,0
1025,0,0.0,33.42857142857143,3
1026,0,0.0,33.42857142857143,0
1027,0,0.0,33.42857142857143,0
1028,0,0.0,33.42857142857143,1
1029,0,0.0,33.42857142857143,0
1030,0,0.0,33.42857142857143,0
1031,0,0.0,33.42857142857143,0
1032,0,0.0,33.42857142857143,0
1033,0,0.0,33.42857142857143,3
1034,0,0.0,33.42857142857143,0
1035,0,0.0,33.42857142857143,0
1036,0,0.0,33.42857142857143,0
1037,4,14.285714285714286,33.42857142857143,3
1038,1,23.142857142857142,33.285714285714285,0
1039,1,8.714285714285714,33.285714285714285,0
1040,0,0.0,33.285714285714285,0
1041,0,0.0,33.285714285714285,1
1042,3,18.0,33.285714285714285,0
1043,0,0.0,33.285714285714285,0
1044,1,33.285714285714285,33.285714285714285,0
1045,0,0.0,33.285714285714285,0
1046,1,0.5714285714285714,33.285714285714285,0
1047,0,0.0,33.285714285714285,0
1048,0,0.0,33.285714285714285,0
1049,0,0.0,33.285714285714285,0
1050,0,0.0,33.285714285714285,0
1051,4,25.0,33.285714285714285,2
1052,0,0.0,33.285714285714285,4
1053,0,0.0,33.285714285714285,0
1054,2,19.142857142857142,33.285714285714285,1
1055,0,0.0,33.285714285714285,0
1056,5,32.285714285714285,33.285714285714285,5
1057,0,0.0,33.285714285714285,0
1058,3,24.571428571428573,33.285714285714285,2
1059,1,0.14285714285714285,33.285714285714285,0
1060,0,0.0,33.285714285714285,0
1061,0,0.0,33.285714285714285,0
1062,3,13.142857142857142,33.285714285714285,0
1063,0,0.0,33.285714285714285,0
1064,0,0.0,33.285714285714285,0
1065,0,0.0,33.285714285714285,0
1066,0,0.0,33.285714285714285,0
1067,0,0.0,33.142857142857146,0
1068,0,0.0,33.142857142857146,0
1069,0,0.0,33.142857142857146,0
1070,0,0.0,33.142857142857146,0
1071,2,4.0,33.142857142857146,0
1072,0,0.0,33.142857142857146,0
1073,0,0.0,33.142857142857146,0
1074,0,0.0,33.142857142857146,0
1075,2,4.857142857142857,33.142857142857146,1
1076,3,19.285714285714285,33.142857142857146,0
1077,0,0.0,33.142857142857146,0
1078,0,0.0,33.142857142857146,0
1079,0,0.0,33.142857142857146,0
1080,0,0.0,33.142857142857146,0
1081,11,32.0,33.142857142857146,4
1082,0,0.0,33.142857142857146,0
1083,0,0.0,33.142857142857146,0
1084,2,2.2857142857142856,33.142857142857146,0
1085,0,0.0,33.142857142857146,0
1086,1,19.0,33.142857142857146,0
1087,0,0.0,33.142857142857146,0
1088,7,28.714285714285715,33.142857142857146,9
1089,0,0.0,33.142857142857146,0
1090,0,0.0,33.142857142857146,0
1091,1,19.0,33.142857142857146,0
1092,0,0.0,33.142857142857146,0
1093,3,12.0,33.142857142857146,0
1094,0,0.0,33.142857142857146,0
1095,2,28.0,33.142857142857146,0
1096,0,0.0,33.142857142857146,0
1097,1,2.0,33.142857142857146,0
1098,0,0.0,33.142857142857146,0
1099,4,25.0,33.142857142857146,0
1100,2,15.285714285714286,33.0,1
1101,2,6.0,33.0,0
1102,1,18.285714285714285,33.0,1
1103,0,0.0,33.0,0
1104,0,0.0,33.0,3
1105,0,0.0,33.0,0
1106,0,0.0,33.0,0
1107,0,0.0,33.0,0
1108,1,8.571428571428571,33.0,0
1109,3,30.285714285714285,33.0,1
1110,0,0.0,33.0,0
1111,0,0.0,33.0,0
1112,1,18.428571428571427,33.0,2
1113,1,0.8571428571428571,33.0,0
1114,6,18.428571428571427,33.0,4
1115,0,0.0,33.0,0
1116,0,0.0,33.0,0
1117,4,29.0,33.0,4
1118,0,0.0,33.0,0
1119,0,0.0,33.0,0
1120,1,1.2857142857142858,33.0,0
1121,0,0.0,33.0,0
1122,2,9.857142857142858,33.0,4
1123,0,0.0,33.0,0
1124,1,2.4285714285714284,33.0,0
1125,3,9.714285714285714,33.0,0
1126,7,30.428571428571427,33.0,8
1127,2,15.0,33.0,1
1128,0,0.0,33.0,0
1129,5,32.142857142857146,33.0,6
1130,0,0.0,33.0,0
1131,0,0.0,33.0,0
1132,0,0.0,33.0,0
1133,0,0.0,32.857142857142854,0
1134,5,32.42857142857143,32.857142857142854,13
1135,0,0.0,32.857142857142854,0
1136,12,17.714285714285715,32.857142857142854,5
1137,1,18.428571428571427,32.857142857142854,4
1138,0,0.0,32.857142857142854,0
1139,1,18.857142857142858,32.857142857142854,0
1140,0,0.0,32.857142857142854,1
1141,1,0.7142857142857143,32.857142857142854,0
1142,0,0.0,32.857142857142854,0
1143,0,0.0,32.857142857142854,0
1144,0,0.0,32.857142857142854,0
1145,0,0.0,32.857142857142854,0
1146,3,8.571428571428571,32.857142857142854,0
1147,0,0.0,32.857142857142854,0
1148,0,0.0,32.857142857142854,0
1149,0,0.0,32.857142857142854,0
1150,0,0.0,32.857142857142854,0
1151,0,0.0,32.857142857142854,0
1152,1,12.142857142857142,32.857142857142854,0
1153,0,0.0,32.857142857142854,0
1154,1,0.5714285714285714,32.857142857142854,0
1155,0,0.0,32.857142857142854,0
1156,0,0.0,32.857142857142854,0
1157,0,0.0,32.857142857142854,0
1158,0,0.0,32.714285714285715,0
1159,0,0.0,32.714285714285715,0
1160,4,31.428571428571427,32.714285714285715,6
1161,0,0.0,32.714285714285715,0
1162,0,0.0,32.714285714285715,0
1163,0,0.0,32.714285714285715,0
1164,2,15.428571428571429,32.714285714285715,3
1165,0,0.0,32.714285714285715,0
1166,4,1.2857142857142858,32.714285714285715,11
1167,0,0.0,32.714285714285715,1
1168,1,0.7142857142857143,32.714285714285715,1
1169,0,0.0,32.714285714285715,0
1170,1,2.7142857142857144,32.714285714285715,0
1171,0,0.0,32.714285714285715,0
1172,3,6.0,32.714285714285715,0
1173,0,0.0,32.714285714285715,0
1174,0,0.0,32.714285714285715,0
1175,0,0.0,32.714285714285715,0
1176,0,0.0,32.714285714285715,0
1177,0,0.0,32.714285714285715,0
1178,1,8.857142857142858,32.714285714285715,0
1179,0,0.0,32.714285714285715,0
1180,0,0.0,32.714285714285715,2
1181,3,28.428571428571427,32.714285714285715,10
1182,0,0.0,32.714285714285715,0
1183,3,20.571428571428573,32.57142857142857,3
1184,4,20.714285714285715,32.57142857142857,3
1185,1,30.142857142857142,32.57142857142857,0
1186,0,0.0,32.57142857142857,0
1187,2,32.57142857142857,32.57142857142857,6
1188,1,3.5714285714285716,32.57142857142857,1
1189,2,31.714285714285715,32.57142857142857,2
1190,1,0.8571428571428571,32.57142857142857,0
1191,0,0.0,32.57142857142857,0
1192,0,0.0,32.57142857142857,0
1193,2,1.1428571428571428,32.57142857142857,0
1194,1,1.5714285714285714,32.57142857142857,2
1195,0,0.0,32.57142857142857,0
1196,0,0.0,32.57142857142857,0
1197,0,0.0,32.57142857142857,0
1198,1,0.5714285714285714,32.57142857142857,0
1199,7,15.0,32.57142857142857,1
1200,0,0.0,32.57142857142857,0
1201,6,26.714285714285715,32.57142857142857,10
1202,0,0.0,32.57142857142857,0
1203,6,29.571428571428573,32.57142857142857,34
1204,0,0.0,32.57142857142857,0
1205,0,0.0,32.57142857142857,0
1206,0,0.0,32.57142857142857,0
1207,1,0.2857142857142857,32.57142857142857,0
1208,0,0.0,32.42857142857143,0
1209,0,0.0,32.42857142857143,0
1210,0,0.0,32.42857142857143,0
1211,0,0.0,32.42857142857143,1
1212,0,0.0,32.42857142857143,2
1213,0,0.0,32.42857142857143,0
1214,0,0.0,32.42857142857143,0
1215,0,0.0,32.42857142857143,1
1216,0,0.0,32.42857142857143,0
1217,1,6.142857142857143,32.42857142857143,0
1218,0,0.0,32.42857142857143,0
1219,0,0.0,32.42857142857143,0
1220,1,3.7142857142857144,32.42857142857143,1
1221,0,0.0,32.42857142857143,1
1222,0,0.0,32.42857142857143,0
1223,0,0.0,32.42857142857143,0
1224,0,0.0,32.42857142857143,0
1225,0,0.0,32.42857142857143,0
1226,0,0.0,32.42857142857143,3
1227,3,28.142857142857142,32.42857142857143,3
1228,0,0.0,32.42857142857143,0
1229,0,0.0,32.42857142857143,0
1230,3,25.857142857142858,32.285714285714285,5
1231,0,0.0,32.285714285714285,0
1232,3,27.571428571428573,32.285714285714285,3
1233,0,0.0,32.285714285714285,0
1234,8,23.0,32.285714285714285,5
1235,0,0.0,32.285714285714285,0
1236,1,0.8571428571428571,32.285714285714285,0
1237,0,0.0,32.285714285714285,0
1238,0,0.0,32.285714285714285,4
1239,2,13.142857142857142,32.285714285714285,0
1240,0,0.0,32.285714285714285,0
1241,0,0.0,32.285714285714285,1
1242,11,30.857142857142858,32.285714285714285,10
1243,0,0.0,32.285714285714285,0
1244,1,1.2857142857142858,32.285714285714285,0
1245,8,32.285714285714285,32.285714285714285,6
1246,0,0.0,32.285714285714285,0
1247,1,3.5714285714285716,32.285714285714285,0
1248,0,0.0,32.285714285714285,1
1249,1,7.857142857142857,32.285714285714285,0
1250,0,0.0,32.285714285714285,0
1251,0,0.0,32.285714285714285,0
1252,3,23.428571428571427,32.285714285714285,2
1253,0,0.0,32.285714285714285,0
1254,0,0.0,32.285714285714285,0
1255,0,0.0,32.285714285714285,4
1256,0,0.0,32.285714285714285,0
1257,0,0.0,32.285714285714285,0
1258,3,14.285714285714286,32.285714285714285,0
1259,1,2.857142857142857,32.285714285714285,6
1260,0,0.0,32.285714285714285,0
1261,1,19.857142857142858,32.285714285714285,0
1262,6,25.0,32.285714285714285,0
1263,0,0.0,32.285714285714285,0
1264,2,21.428571428571427,32.285714285714285,3
1265,1,18.571428571428573,32.142857142857146,1
1266,1,0.14285714285714285,32.142857142857146,0
1267,0,0.0,32.142857142857146,0
1268,1,2.857142857142857,32.142857142857146,0
1269,1,0.7142857142857143,32.142857142857146,0
1270,0,0.0,32.142857142857146,0
1271,3,11.857142857142858,32.142857142857146,3
1272,2,18.714285714285715,32.142857142857146,2
1273,0,0.0,32.142857142857146,0
1274,0,0.0,32.142857142857146,0
1275,0,0.0,32.142857142857146,0
1276,2,2.4285714285714284,32.142857142857146,0
1277,1,7.285714285714286,32.142857142857146,0
1278,1,15.857142857142858,32.142857142857146,0
1279,0,0.0,32.142857142857146,1
1280,0,0.0,32.142857142857146,0
1281,0,0.0,32.142857142857146,0
1282,0,0.0,32.142857142857146,0
1283,3,1.4285714285714286,32.142857142857146,0
1284,2,8.285714285714286,32.142857142857146,0
1285,0,0.0,32.142857142857146,0
1286,3,19.142857142857142,32.142857142857146,0
1287,0,0.0,32.142857142857146,0
1288,0,0.0,32.142857142857146,1
1289,1,6.285714285714286,32.142857142857146,0
1290,4,24.714285714285715,32.142857142857146,12
1291,0,0.0,32.142857142857146,0
1292,6,30.714285714285715,32.142857142857146,15
1293,0,0.0,32.142857142857146,0
1294,1,5.857142857142857,32.142857142857146,0
1295,1,30.142857142857142,32.142857142857146,1
1296,4,27.714285714285715,32.142857142857146,3
1297,0,0.0,32.142857142857146,2
1298,2,27.142857142857142,32.142857142857146,4
1299,0,0.0,32.142857142857146,0
1300,4,31.571428571428573,32.142857142857146,0
1301,0,0.0,32.0,0
1302,0,0.0,32.0,0
1303,0,0.0,32.0,0
1304,0,0.0,32.0,0
1305,2,21.571428571428573,32.0,0
1306,0,0.0,32.0,0
1307,1,29.714285714285715,32.0,0
1308,0,0.0,32.0,0
1309,1,18.0,32.0,0
1310,2,8.0,32.0,0
1311,0,0.0,32.0,0
1312,0,0.0,32.0,0
1313,1,10.142857142857142,32.0,1
1314,0,0.0,32.0,0
1315,0,0.0,32.0,0
1316,2,11.857142857142858,32.0,2
1317,1,9.142857142857142,32.0,0
1318,0,0.0,32.0,0
1319,0,0.0,32.0,0
1320,3,6.285714285714286,32.0,0
1321,0,0.0,32.0,0
1322,0,0.0,32.0,0
1323,0,0.0,32.0,0
1324,0,0.0,32.0,0
1325,0,0.0,32.0,0
1326,0,0.0,32.0,0
1327,1,19.0,32.0,1
1328,1,29.285714285714285,32.0,4
1329,3,23.714285714285715,32.0,3
1330,2,27.142857142857142,32.0,2
1331,0,0.0,32.0,0
1332,0,0.0,32.0,0
1333,0,0.0,32.0,0
1334,1,4.571428571428571,32.0,0
1335,0,0.0,31.857142857142858,0
1336,0,0.0,31.857142857142858,0
1337,0,0.0,31.857142857142858,0
1338,4,29.142857142857142,31.857142857142858,1
1339,0,0.0,31.857142857142858,0
1340,1,1.5714285714285714,31.857142857142858,0
1341,3,3.2857142857142856,31.857142857142858,0
1342,0,0.0,31.857142857142858,0
1343,0,0.0,31.857142857142858,0
1344,0,0.0,31.857142857142858,2
1345,0,0.0,31.857142857142858,0
1346,0,0.0,31.857142857142858,0
1347,0,0.0,31.857142857142858,0
1348,3,30.714285714285715,31.857142857142858,4
1349,1,23.714285714285715,31.857142857142858,2
1350,0,0.0,31.857142857142858,0
1351,1,1.0,31.857142857142858,0
1352,1,30.571428571428573,31.857142857142858,3
1353,2,11.142857142857142,31.857142857142858,0
1354,0,0.0,31.857142857142858,1
1355,2,24.285714285714285,31.857142857142858,3
1356,0,0.0,31.857142857142858,2
1357,0,0.0,31.857142857142858,1
1358,0,0.0,31.857142857142858,0
1359,3,25.714285714285715,31.857142857142858,4
1360,0,0.0,31.857142857142858,0
1361,1,30.571428571428573,31.857142857142858,0
1362,0,0.0,31.857142857142858,0
1363,1,19.285714285714285,31.857142857142858,0
1364,0,0.0,31.857142857142858,0
1365,9,30.571428571428573,31.714285714285715,6
1366,0,0.0,31.714285714285715,0
1367,0,0.0,31.714285714285715,0
1368,4,8.428571428571429,31.714285714285715,1
1369,0,0.0,31.714285714285715,0
1370,2,23.428571428571427,31.714285714285715,0
1371,0,0.0,31.714285714285715,0
1372,5,26.0,31.714285714285715,7
1373,0,0.0,31.714285714285715,0
1374,0,0.0,31.714285714285715,0
1375,1,5.285714285714286,31.714285714285715,0
1376,0,0.0,31.714285714285715,0
1377,0,0.0,31.714285714285715,0
1378,1,23.0,31.714285714285715,0
1379,0,0.0,31.714285714285715,0
1380,0,0.0,31.714285714285715,0
1381,2,11.714285714285714,31.714285714285715,1
1382,0,0.0,31.714285714285715,1
1383,0,0.0,31.714285714285715,0
1384,0,0.0,31.714285714285715,0
1385,0,0.0,31.714285714285715,0
1386,0,0.0,31.714285714285715,0
1387,4,30.285714285714285,31.714285714285715,4
1388,1,5.0,31.714285714285715,3
1389,0,0.0,31.714285714285715,0
1390,0,0.0,31.571428571428573,0
1391,1,1.0,31.571428571428573,0
1392,5,22.857142857142858,31.571428571428573,0
1393,0,0.0,31.571428571428573,0
1394,0,0.0,31.571428571428573,0
1395,0,0.0,31.571428571428573,0
1396,1,7.571428571428571,31.571428571428573,0
1397,0,0.0,31.571428571428573,0
1398,1,11.142857142857142,31.571428571428573,2
1399,0,0.0,31.571428571428573,0
1400,1,8.0,31.571428571428573,0
1401,0,0.0,31.571428571428573,0
1402,1,6.571428571428571,31.571428571428573,0
1403,0,0.0,31.571428571428573,0
1404,0,0.0,31.571428571428573,0
1405,0,0.0,31.571428571428573,0
1406,0,0.0,31.571428571428573,0
1407,1,0.8571428571428571,31.571428571428573,0
1408,3,28.142857142857142,31.571428571428573,3
1409,0,0.0,31.571428571428573,0
1410,0,0.0,31.571428571428573,0
1411,2,14.0,31.571428571428573,0
1412,0,0.0,31.571428571428573,0
1413,14,30.285714285714285,31.571428571428573,6
1414,4,16.857142857142858,31.571428571428573,4
1415,0,0.0,31.428571428571427,0
1416,0,0.0,31.428571428571427,0
1417,0,0.0,31.428571428571427,0
1418,0,0.0,31.428571428571427,4
1419,0,0.0,31.428571428571427,0
1420,0,0.0,31.428571428571427,0
1421,2,30.142857142857142,31.428571428571427,3
1422,0,0.0,31.428571428571427,0
1423,0,0.0,31.428571428571427,1
1424,2,24.714285714285715,31.428571428571427,1
1425,0,0.0,31.428571428571427,0
1426,3,18.714285714285715,31.428571428571427,0
1427,0,0.0,31.428571428571427,0
1428,2,6.285714285714286,31.428571428571427,0
1429,0,0.0,31.428571428571427,0
1430,0,0.0,31.428571428571427,0
1431,1,1.4285714285714286,31.428571428571427,2
1432,1,27.428571428571427,31.428571428571427,1
1433,6,19.571428571428573,31.428571428571427,1
1434,1,26.142857142857142,31.428571428571427,1
1435,6,18.142857142857142,31.428571428571427,0
1436,0,0.0,31.428571428571427,2
1437,1,2.7142857142857144,31.428571428571427,2
1438,2,7.428571428571429,31.428571428571427,0
1439,0,0.0,31.428571428571427,2
1440,0,0.0,31.428571428571427,0
1441,2,22.571428571428573,31.428571428571427,2
1442,1,22.571428571428573,31.428571428571427,1
1443,0,0.0,31.428571428571427,0
1444,2,21.428571428571427,31.428571428571427,0
1445,1,31.142857142857142,31.428571428571427,2
1446,0,0.0,31.428571428571427,0
1447,1,9.571428571428571,31.285714285714285,3
1448,0,0.0,31.285714285714285,0
1449,2,21.0,31.285714285714285,0
1450,0,0.0,31.285714285714285,0
1451,0,0.0,31.285714285714285,0
1452,3,17.428571428571427,31.285714285714285,1
1453,0,0.0,31.285714285714285,1
1454,0,0.0,31.285714285714285,0
1455,0,0.0,31.285714285714285,0
1456,0,0.0,31.285714285714285,0
1457,0,0.0,31.285714285714285,0
1458,0,0.0,31.285714285714285,0
1459,0,0.0,31.285714285714285,2
1460,4,13.142857142857142,31.285714285714285,1
1461,0,0.0,31.285714285714285,0
1462,4,20.142857142857142,31.285714285714285,1
1463,0,0.0,31.285714285714285,0
1464,1,6.0,31.285714285714285,2
1465,0,0.0,31.285714285714285,0
1466,0,0.0,31.285714285714285,0
1467,5,29.142857142857142,31.285714285714285,3
1468,0,0.0,31.285714285714285,0
1469,2,26.857142857142858,31.285714285714285,1
1470,0,0.0,31.285714285714285,1
1471,1,17.142857142857142,31.142857142857142,2
1472,0,0.0,31.142857142857142,0
1473,5,26.857142857142858,31.142857142857142,5
1474,0,0.0,31.142857142857142,0
1475,1,2.2857142857142856,31.142857142857142,0
1476,2,26.285714285714285,31.142857142857142,1
1477,0,0.0,31.142857142857142,0
1478,2,12.285714285714286,31.142857142857142,5
1479,2,19.142857142857142,31.142857142857142,0
1480,0,0.0,31.142857142857142,0
1481,0,0.0,31.142857142857142,0
1482,1,16.714285714285715,31.142857142857142,2
1483,0,0.0,31.142857142857142,0
1484,0,0.0,31.142857142857142,0
1485,0,0.0,31.142857142857142,0
1486,0,0.0,31.142857142857142,0
1487,0,0.0,31.142857142857142,0
1488,0,0.0,31.142857142857142,0
1489,1,26.142857142857142,31.142857142857142,0
1490,2,5.0,31.142857142857142,0
1491,0,0.0,31.142857142857142,0
1492,0,0.0,31.142857142857142,2
1493,0,0.0,31.142857142857142,0
1494,0,0.0,31.142857142857142,0
1495,3,22.142857142857142,31.142857142857142,0
1496,0,0.0,31.142857142857142,2
1497,4,22.0,31.142857142857142,0
1498,0,0.0,31.142857142857142,0
1499,1,2.0,31.142857142857142,0
1500,0,0.0,31.142857142857142,0
1501,0,0.0,31.142857142857142,0
1502,3,25.857142857142858,31.142857142857142,6
1503,1,3.142857142857143,31.142857142857142,0
1504,0,0.0,31.142857142857142,0
1505,2,25.142857142857142,31.142857142857142,2
1506,0,0.0,31.142857142857142,0
1507,2,4.0,31.142857142857142,0
1508,1,10.428571428571429,31.0,0
1509,0,0.0,31.0,0
1510,0,0.0,31.0,1
1511,0,0.0,31.0,0
1512,4,19.0,31.0,3
1513,0,0.0,31.0,0
1514,0,0.0,31.0,1
1515,0,0.0,31.0,0
1516,26,30.857142857142858,31.0,15
1517,1,30.571428571428573,31.0,0
1518,6,26.142857142857142,31.0,1
1519,0,0.0,31.0,0
1520,0,0.0,31.0,0
1521,1,8.285714285714286,31.0,0
1522,0,0.0,31.0,0
1523,0,0.0,31.0,0
1524,0,0.0,31.0,0
1525,2,30.571428571428573,31.0,2
1526,0,0.0,31.0,0
1527,0,0.0,31.0,1
1528,0,0.0,31.0,0
1529,2,1.5714285714285714,31.0,0
1530,0,0.0,31.0,0
1531,0,0.0,31.0,0
1532,1,17.428571428571427,31.0,0
1533,2,19.714285714285715,31.0,4
1534,0,0.0,31.0,0
1535,1,29.285714285714285,31.0,0
1536,0,0.0,31.0,0
1537,0,0.0,31.0,0
1538,0,0.0,31.0,0
1539,14,29.857142857142858,30.857142857142858,9
1540,0,0.0,30.857142857142858,0
1541,1,2.7142857142857144,30.857142857142858,1
1542,0,0.0,30.857142857142858,0
1543,2,5.142857142857143,30.857142857142858,0
1544,4,25.428571428571427,30.857142857142858,2
1545,0,0.0,30.857142857142858,0
1546,1,2.7142857142857144,30.857142857142858,0
1547,6,29.285714285714285,30.857142857142858,0
1548,0,0.0,30.857142857142858,0
1549,0,0.0,30.857142857142858,1
1550,1,0.14285714285714285,30.857142857142858,0
1551,3,26.0,30.857142857142858,3
1552,1,2.142857142857143,30.857142857142858,1
1553,0,0.0,30.857142857142858,0
1554,0,0.0,30.857142857142858,1
1555,0,0.0,30.857142857142858,1
1556,0,0.0,30.857142857142858,0
1557,1,16.285714285714285,30.857142857142858,3
1558,1,2.2857142857142856,30.857142857142858,0
1559,0,0.0,30.857142857142858,0
1560,8,28.714285714285715,30.857142857142858,4
1561,0,0.0,30.857142857142858,0
1562,0,0.0,30.857142857142858,0
1563,0,0.0,30.857142857142858,0
1564,0,0.0,30.857142857142858,0
1565,0,0.0,30.857142857142858,0
1566,0,0.0,30.857142857142858,0
1567,3,25.857142857142858,30.857142857142858,1
1568,0,0.0,30.857142857142858,0
1569,1,5.428571428571429,30.857142857142858,0
1570,0,0.0,30.857142857142858,0
1571,0,0.0,30.857142857142858,0
1572,3,30.285714285714285,30.857142857142858,3
1573,0,0.0,30.857142857142858,2
1574,1,1.1428571428571428,30.857142857142858,0
1575,1,10.714285714285714,30.714285714285715,0
1576,1,3.0,30.714285714285715,0
1577,1,22.0,30.714285714285715,0
1578,0,0.0,30.714285714285715,0
1579,1,3.857142857142857,30.714285714285715,0
1580,9,12.0,30.714285714285715,4
1581,0,0.0,30.714285714285715,0
1582,0,0.0,30.714285714285715,0
1583,3,26.428571428571427,30.714285714285715,1
1584,0,0.0,30.714285714285715,1
1585,0,0.0,30.714285714285715,0
1586,0,0.0,30.714285714285715,0
1587,0,0.0,30.714285714285715,0
1588,1,7.571428571428571,30.714285714285715,0
1589,0,0.0,30.714285714285715,0
1590,0,0.0,30.714285714285715,0
1591,0,0.0,30.714285714285715,0
1592,0,0.0,30.714285714285715,0
1593,1,2.0,30.714285714285715,0
1594,0,0.0,30.714285714285715,0
1595,2,4.0,30.714285714285715,0
1596,0,0.0,30.714285714285715,1
1597,4,20.285714285714285,30.714285714285715,2
1598,1,25.0,30.714285714285715,0
1599,0,0.0,30.714285714285715,0
1600,0,0.0,30.714285714285715,0
1601,0,0.0,30.714285714285715,1
1602,0,0.0,30.714285714285715,0
1603,0,0.0,30.714285714285715,0
1604,0,0.0,30.714285714285715,0
1605,2,21.428571428571427,30.714285714285715,0
1606,0,0.0,30.714285714285715,0
1607,1,24.714285714285715,30.714285714285715,1
1608,1,30.285714285714285,30.714285714285715,3
1609,1,14.714285714285714,30.571428571428573,0
1610,0,0.0,30.571428571428573,0
1611,3,17.571428571428573,30.571428571428573,0
1612,2,6.0,30.571428571428573,0
1613,0,0.0,30.571428571428573,0
1614,2,27.714285714285715,30.571428571428573,0
1615,5,28.428571428571427,30.571428571428573,3
1616,0,0.0,30.571428571428573,0
1617,1,16.571428571428573,30.571428571428573,1
1618,0,0.0,30.571428571428573,0
1619,0,0.0,30.571428571428573,0
1620,1,1.7142857142857142,30.571428571428573,0
1621,1,25.857142857142858,30.571428571428573,1
1622,0,0.0,30.571428571428573,0
1623,0,0.0,30.571428571428573,5
1624,0,0.0,30.571428571428573,0
1625,0,0.0,30.571428571428573,0
1626,1,3.2857142857142856,30.571428571428573,1
1627,0,0.0,30.571428571428573,0
1628,5,25.857142857142858,30.571428571428573,10
1629,1,28.142857142857142,30.571428571428573,0
1630,0,0.0,30.571428571428573,3
1631,1,5.714285714285714,30.571428571428573,0
1632,0,0.0,30.571428571428573,0
1633,4,26.714285714285715,30.571428571428573,9
1634,0,0.0,30.571428571428573,0
1635,0,0.0,30.571428571428573,0
1636,0,0.0,30.571428571428573,0
1637,0,0.0,30.571428571428573,0
1638,0,0.0,30.571428571428573,0
1639,4,21.714285714285715,30.428571428571427,1
1640,3,12.714285714285714,30.428571428571427,3
1641,0,0.0,30.428571428571427,0
1642,0,0.0,30.428571428571427,0
1643,0,0.0,30.428571428571427,0
1644,1,17.285714285714285,30.428571428571427,0
1645,0,0.0,30.428571428571427,1
1646,1,3.2857142857142856,30.428571428571427,0
1647,0,0.0,30.428571428571427,1
1648,2,8.857142857142858,30.428571428571427,2
1649,0,0.0,30.428571428571427,0
1650,0,0.0,30.428571428571427,0
1651,0,0.0,30.428571428571427,0
1652,2,24.428571428571427,30.428571428571427,0
1653,4,20.857142857142858,30.428571428571427,2
1654,0,0.0,30.428571428571427,0
1655,0,0.0,30.428571428571427,0
1656,0,0.0,30.428571428571427,0
1657,0,0.0,30.428571428571427,0
1658,2,19.571428571428573,30.428571428571427,0
1659,0,0.0,30.428571428571427,0
1660,0,0.0,30.428571428571427,0
1661,0,0.0,30.428571428571427,0
1662,1,16.857142857142858,30.428571428571427,4
1663,0,0.0,30.428571428571427,0
1664,1,6.0,30.428571428571427,2
1665,1,4.285714285714286,30.285714285714285,1
1666,0,0.0,30.285714285714285,0
1667,0,0.0,30.285714285714285,0
1668,3,16.857142857142858,30.285714285714285,3
1669,3,30.285714285714285,30.285714285714285,2
1670,0,0.0,30.285714285714285,1
1671,2,25.714285714285715,30.285714285714285,7
1672,0,0.0,30.285714285714285,1
1673,1,21.142857142857142,30.285714285714285,1
1674,0,0.0,30.285714285714285,0
1675,1,24.571428571428573,30.285714285714285,0
1676,0,0.0,30.285714285714285,0
1677,0,0.0,30.285714285714285,0
1678,0,0.0,30.285714285714285,0
1679,5,28.285714285714285,30.285714285714285,7
1680,1,8.285714285714286,30.285714285714285,0
1681,3,18.285714285714285,30.285714285714285,1
1682,0,0.0,30.285714285714285,0
1683,2,19.428571428571427,30.285714285714285,2
1684,1,1.8571428571428572,30.285714285714285,0
1685,0,0.0,30.285714285714285,0
1686,1,10.142857142857142,30.285714285714285,4
1687,0,0.0,30.285714285714285,0
1688,0,0.0,30.285714285714285,0
1689,0,0.0,30.285714285714285,0
1690,1,22.0,30.285714285714285,0
1691,0,0.0,30.285714285714285,1
1692,2,3.857142857142857,30.285714285714285,1
1693,0,0.0,30.285714285714285,0
1694,0,0.0,30.285714285714285,0
1695,0,0.0,30.285714285714285,1
1696,2,17.714285714285715,30.142857142857142,6
1697,3,20.857142857142858,30.142857142857142,3
1698,0,0.0,30.142857142857142,0
1699,0,0.0,30.142857142857142,0
1700,5,30.0,30.142857142857142,0
1701,0,0.0,30.142857142857142,0
1702,2,2.0,30.142857142857142,0
1703,0,0.0,30.142857142857142,0
1704,0,0.0,30.142857142857142,0
1705,0,0.0,30.142857142857142,0
1706,0,0.0,30.142857142857142,0
1707,0,0.0,30.142857142857142,0
1708,1,1.2857142857142858,30.142857142857142,0
1709,1,16.142857142857142,30.142857142857142,0
1710,0,0.0,30.142857142857142,0
1711,0,0.0,30.142857142857142,0
1712,9,28.571428571428573,30.142857142857142,14
1713,2,8.857142857142858,30.142857142857142,0
1714,0,0.0,30.142857142857142,0
1715,1,6.285714285714286,30.142857142857142,0
1716,1,2.142857142857143,30.142857142857142,1
1717,0,0.0,30.142857142857142,0
1718,0,0.0,30.142857142857142,0
1719,0,0.0,30.142857142857142,0
1720,1,21.857142857142858,30.142857142857142,0
1721,1,21.857142857142858,30.142857142857142,2
1722,0,0.0,30.142857142857142,7
1723,0,0.0,30.142857142857142,0
1724,0,0.0,30.142857142857142,0
1725,0,0.0,30.142857142857142,0
1726,0,0.0,30.0,0
1727,0,0.0,30.0,1
1728,2,5.428571428571429,30.0,1
1729,0,0.0,30.0,0
1730,0,0.0,30.0,0
1731,0,0.0,30.0,0
1732,0,0.0,30.0,0
1733,3,29.714285714285715,30.0,2
1734,0,0.0,30.0,0
1735,0,0.0,30.0,0
1736,0,0.0,30.0,0
1737,1,20.857142857142858,30.0,2
1738,0,0.0,30.0,0
1739,0,0.0,30.0,0
1740,0,0.0,30.0,0
1741,0,0.0,30.0,0
1742,2,25.142857142857142,30.0,4
1743,0,0.0,30.0,0
1744,4,25.142857142857142,30.0,2
1745,0,0.0,30.0,0
1746,4,28.428571428571427,30.0,2
1747,3,24.428571428571427,30.0,3
1748,0,0.0,30.0,0
1749,3,16.0,30.0,0
1750,2,15.714285714285714,30.0,3
1751,0,0.0,30.0,0
1752,0,0.0,30.0,0
1753,0,0.0,30.0,0
1754,0,0.0,30.0,0
1755,0,0.0,30.0,0
1756,4,7.571428571428571,30.0,2
1757,0,0.0,30.0,0
1758,0,0.0,29.857142857142858,0
1759,0,0.0,29.857142857142858,0
1760,5,26.571428571428573,29.857142857142858,7
1761,3,6.285714285714286,29.857142857142858,0
1762,2,15.285714285714286,29.857142857142858,2
1763,2,28.714285714285715,29.857142857142858,1
1764,0,0.0,29.857142857142858,0
1765,0,0.0,29.857142857142858,0
1766,3,24.714285714285715,29.857142857142858,2
1767,2,16.857142857142858,29.857142857142858,0
1768,4,26.571428571428573,29.857142857142858,5
1769,0,0.0,29.857142857142858,1
1770,7,28.0,29.857142857142858,2
1771,1,21.571428571428573,29.857142857142858,1
1772,2,20.714285714285715,29.857142857142858,14
1773,0,0.0,29.857142857142858,0
1774,2,8.142857142857142,29.857142857142858,1
1775,2,15.285714285714286,29.857142857142858,0
1776,0,0.0,29.857142857142858,0
1777,3,2.4285714285714284,29.857142857142858,3
1778,0,0.0,29.857142857142858,0
1779,0,0.0,29.857142857142858,0
1780,0,0.0,29.857142857142858,0
1781,1,24.571428571428573,29.857142857142858,2
1782,0,0.0,29.857142857142858,0
1783,1,14.0,29.857142857142858,0
1784,0,0.0,29.857142857142858,0
1785,0,0.0,29.857142857142858,0
1786,3,12.714285714285714,29.857142857142858,3
1787,0,0.0,29.857142857142858,0
1788,0,0.0,29.857142857142858,0
1789,1,2.857142857142857,29.857142857142858,7
1790,6,26.428571428571427,29.857142857142858,0
1791,0,0.0,29.857142857142858,0
1792,1,17.571428571428573,29.857142857142858,1
1793,0,0.0,29.857142857142858,0
1794,2,24.857142857142858,29.857142857142858,5
1795,3,5.714285714285714,29.857142857142858,0
1796,0,0.0,29.857142857142858,0
1797,0,0.0,29.857142857142858,0
1798,3,9.714285714285714,29.714285714285715,3
1799,0,0.0,29.714285714285715,0
1800,1,20.142857142857142,29.714285714285715,1
1801,0,0.0,29.714285714285715,0
1802,0,0.0,29.714285714285715,0
1803,0,0.0,29.714285714285715,0
1804,0,0.0,29.714285714285715,0
1805,0,0.0,29.714285714285715,0
1806,0,0.0,29.714285714285715,0
1807,0,0.0,29.714285714285715,0
1808,5,29.571428571428573,29.714285714285715,9
1809,0,0.0,29.714285714285715,0
1810,0,0.0,29.714285714285715,0
1811,0,0.0,29.714285714285715,0
1812,1,21.142857142857142,29.714285714285715,2
1813,0,0.0,29.714285714285715,0
1814,0,0.0,29.714285714285715,0
1815,0,0.0,29.714285714285715,1
1816,0,0.0,29.714285714285715,0
1817,0,0.0,29.714285714285715,2
1818,0,0.0,29.714285714285715,1
1819,0,0.0,29.714285714285715,0
1820,9,23.428571428571427,29.714285714285715,6
1821,4,28.142857142857142,29.714285714285715,1
1822,2,27.571428571428573,29.714285714285715,0
1823,0,0.0,29.714285714285715,0
1824,0,0.0,29.714285714285715,1
1825,1,5.0,29.714285714285715,3
1826,4,8.0,29.714285714285715,1
1827,1,20.857142857142858,29.571428571428573,0
1828,0,0.0,29.571428571428573,0
1829,1,1.0,29.571428571428573,0
1830,0,0.0,29.571428571428573,0
1831,1,20.857142857142858,29.571428571428573,0
1832,0,0.0,29.571428571428573,0
1833,0,0.0,29.571428571428573,0
1834,1,19.714285714285715,29.571428571428573,3
1835,0,0.0,29.571428571428573,0
1836,1,0.7142857142857143,29.571428571428573,0
1837,0,0.0,29.571428571428573,0
1838,0,0.0,29.571428571428573,0
1839,0,0.0,29.571428571428573,1
1840,1,1.7142857142857142,29.571428571428573,0
1841,0,0.0,29.571428571428573,0
1842,1,14.285714285714286,29.571428571428573,0
1843,5,29.428571428571427,29.571428571428573,3
1844,0,0.0,29.571428571428573,0
1845,1,25.0,29.571428571428573,1
1846,0,0.0,29.571428571428573,0
1847,0,0.0,29.571428571428573,0
1848,0,0.0,29.571428571428573,0
1849,1,27.0,29.571428571428573,2
1850,0,0.0,29.571428571428573,0
1851,1,9.714285714285714,29.571428571428573,0
1852,0,0.0,29.571428571428573,0
1853,1,2.0,29.571428571428573,0
1854,0,0.0,29.571428571428573,0
1855,1,1.5714285714285714,29.571428571428573,0
1856,1,26.285714285714285,29.428571428571427,1
1857,0,0.0,29.428571428571427,1
1858,0,0.0,29.428571428571427,2
1859,0,0.0,29.428571428571427,0
1860,7,28.571428571428573,29.428571428571427,8
1861,0,0.0,29.428571428571427,0
1862,0,0.0,29.428571428571427,0
1863,1,28.571428571428573,29.428571428571427,0
1864,0,0.0,29.428571428571427,0
1865,1,24.0,29.428571428571427,0
1866,0,0.0,29.428571428571427,0
1867,0,0.0,29.428571428571427,0
1868,0,0.0,29.428571428571427,0
1869,0,0.0,29.428571428571427,1
1870,0,0.0,29.428571428571427,0
1871,0,0.0,29.428571428571427,1
1872,1,2.4285714285714284,29.428571428571427,0
1873,1,9.571428571428571,29.428571428571427,0
1874,0,0.0,29.428571428571427,1
1875,0,0.0,29.428571428571427,1
1876,1,24.142857142857142,29.428571428571427,1
1877,0,0.0,29.428571428571427,0
1878,2,10.714285714285714,29.428571428571427,1
1879,0,0.0,29.428571428571427,0
1880,0,0.0,29.428571428571427,0
1881,0,0.0,29.428571428571427,0
1882,1,11.428571428571429,29.428571428571427,0
1883,0,0.0,29.428571428571427,1
1884,0,0.0,29.285714285714285,3
1885,0,0.0,29.285714285714285,0
1886,1,16.285714285714285,29.285714285714285,2
1887,15,23.857142857142858,29.285714285714285,16
1888,0,0.0,29.285714285714285,1
1889,1,16.285714285714285,29.285714285714285,9
1890,0,0.0,29.285714285714285,0
1891,2,20.571428571428573,29.285714285714285,0
1892,0,0.0,29.285714285714285,0
1893,0,0.0,29.285714285714285,0
1894,3,22.571428571428573,29.285714285714285,1
1895,0,0.0,29.285714285714285,0
1896,0,0.0,29.285714285714285,1
1897,0,0.0,29.285714285714285,1
1898,0,0.0,29.285714285714285,0
1899,1,12.142857142857142,29.285714285714285,7
1900,0,0.0,29.285714285714285,0
1901,21,4.714285714285714,29.285714285714285,0
1902,2,20.428571428571427,29.285714285714285,2
1903,0,0.0,29.285714285714285,0
1904,0,0.0,29.285714285714285,0
1905,0,0.0,29.285714285714285,0
1906,3,19.857142857142858,29.285714285714285,1
1907,0,0.0,29.285714285714285,0
1908,0,0.0,29.285714285714285,0
1909,3,16.142857142857142,29.285714285714285,0
1910,2,20.571428571428573,29.285714285714285,1
1911,1,2.142857142857143,29.285714285714285,0
1912,0,0.0,29.285714285714285,0
1913,0,0.0,29.285714285714285,0
1914,1,0.42857142857142855,29.285714285714285,0
1915,1,17.142857142857142,29.142857142857142,2
1916,1,3.2857142857142856,29.142857142857142,0
1917,0,0.0,29.142857142857142,0
1918,0,0.0,29.142857142857142,0
1919,1,25.142857142857142,29.142857142857142,0
1920,2,18.285714285714285,29.142857142857142,1
1921,2,3.7142857142857144,29.142857142857142,1
1922,1,5.142857142857143,29.142857142857142,0
1923,0,0.0,29.142857142857142,0
1924,0,0.0,29.142857142857142,0
1925,4,28.571428571428573,29.142857142857142,4
1926,0,0.0,29.142857142857142,0
1927,0,0.0,29.142857142857142,0
1928,0,0.0,29.142857142857142,1
1929,2,27.857142857142858,29.142857142857142,2
1930,0,0.0,29.142857142857142,0
1931,0,0.0,29.142857142857142,0
1932,1,22.714285714285715,29.142857142857142,0
1933,0,0.0,29.142857142857142,0
1934,1,19.142857142857142,29.142857142857142,0
1935,1,11.142857142857142,29.142857142857142,0
1936,0,0.0,29.142857142857142,0
1937,0,0.0,29.142857142857142,0
1938,0,0.0,29.142857142857142,0
1939,2,27.714285714285715,29.142857142857142,0
1940,0,0.0,29.142857142857142,2
1941,0,0.0,29.142857142857142,2
1942,0,0.0,29.142857142857142,0
1943,2,20.142857142857142,29.142857142857142,0
1944,0,0.0,29.142857142857142,0
1945,0,0.0,29.0,7
1946,2,4.0,29.0,0
1947,0,0.0,29.0,0
1948,0,0.0,29.0,0
1949,0,0.0,29.0,0
1950,1,15.142857142857142,29.0,0
1951,0,0.0,29.0,1
1952,0,0.0,29.0,0
1953,6,21.285714285714285,29.0,1
1954,0,0.0,29.0,0
1955,11,23.285714285714285,29.0,0
1956,0,0.0,29.0,0
1957,0,0.0,29.0,0
1958,1,3.857142857142857,29.0,0
1959,1,1.5714285714285714,29.0,0
1960,0,0.0,29.0,0
1961,1,28.0,29.0,1
1962,1,18.285714285714285,29.0,1
1963,2,10.857142857142858,29.0,2
1964,2,25.428571428571427,29.0,1
1965,0,0.0,29.0,0
1966,3,1.4285714285714286,29.0,1
1967,0,0.0,29.0,0
1968,0,0.0,29.0,0
1969,0,0.0,29.0,0
1970,0,0.0,29.0,0
1971,0,0.0,29.0,0
1972,0,0.0,29.0,0
1973,0,0.0,29.0,0
1974,0,0.0,29.0,0
1975,1,8.857142857142858,28.857142857142858,0
1976,0,0.0,28.857142857142858,0
1977,0,0.0,28.857142857142858,0
1978,0,0.0,28.857142857142858,0
1979,0,0.0,28.857142857142858,0
1980,1,1.7142857142857142,28.857142857142858,0
1981,17,28.428571428571427,28.857142857142858,24
1982,2,23.714285714285715,28.857142857142858,3
1983,2,11.857142857142858,28.857142857142858,0
1984,0,0.0,28.857142857142858,2
1985,2,3.0,28.857142857142858,0
1986,0,0.0,28.857142857142858,0
1987,2,21.285714285714285,28.857142857142858,1
1988,0,0.0,28.857142857142858,0
1989,0,0.0,28.857142857142858,0
1990,0,0.0,28.857142857142858,2
1991,0,0.0,28.857142857142858,0
1992,1,16.714285714285715,28.857142857142858,0
1993,0,0.0,28.857142857142858,1
1994,0,0.0,28.857142857142858,0
1995,0,0.0,28.857142857142858,0
1996,0,0.0,28.857142857142858,0
1997,0,0.0,28.857142857142858,1
1998,0,0.0,28.857142857142858,0
1999,0,0.0,28.857142857142858,0
2000,0,0.0,28.857142857142858,0
2001,0,0.0,28.714285714285715,0
2002,0,0.0,28.714285714285715,0
2003,0,0.0,28.714285714285715,1
2004,0,0.0,28.714285714285715,0
2005,3,15.857142857142858,28.714285714285715,2
2006,0,0.0,28.714285714285715,0
2007,1,22.714285714285715,28.714285714285715,1
2008,0,0.0,28.714285714285715,1
2009,0,0.0,28.714285714285715,0
2010,1,15.142857142857142,28.714285714285715,0
2011,0,0.0,28.714285714285715,0
2012,2,8.428571428571429,28.714285714285715,3
2013,0,0.0,28.714285714285715,0
2014,0,0.0,28.714285714285715,0
2015,0,0.0,28.714285714285715,0
2016,0,0.0,28.714285714285715,0
2017,1,15.571428571428571,28.714285714285715,2
2018,0,0.0,28.714285714285715,0
2019,0,0.0,28.714285714285715,0
2020,0,0.0,28.714285714285715,0
2021,0,0.0,28.714285714285715,1
2022,1,13.0,28.714285714285715,4
2023,0,0.0,28.714285714285715,0
2024,7,24.285714285714285,28.714285714285715,0
2025,0,0.0,28.714285714285715,0
2026,0,0.0,28.714285714285715,0
2027,1,8.714285714285714,28.714285714285715,1
2028,0,0.0,28.714285714285715,0
2029,0,0.0,28.571428571428573,0
2030,3,15.142857142857142,28.571428571428573,0
2031,0,0.0,28.571428571428573,6
2032,0,0.0,28.571428571428573,0
2033,2,25.285714285714285,28.571428571428573,0
2034,4,21.714285714285715,28.571428571428573,5
2035,0,0.0,28.571428571428573,2
2036,1,2.2857142857142856,28.571428571428573,0
2037,0,0.0,28.571428571428573,0
2038,0,0.0,28.571428571428573,0
2039,0,0.0,28.571428571428573,0
2040,0,0.0,28.571428571428573,0
2041,2,9.571428571428571,28.571428571428573,0
2042,1,2.142857142857143,28.571428571428573,1
2043,0,0.0,28.571428571428573,0
2044,4,25.142857142857142,28.571428571428573,10
2045,2,5.714285714285714,28.571428571428573,7
2046,0,0.0,28.571428571428573,0
2047,0,0.0,28.571428571428573,2
2048,1,14.857142857142858,28.571428571428573,0
2049,3,15.0,28.571428571428573,0
2050,0,0.0,28.571428571428573,0
2051,0,0.0,28.571428571428573,0
2052,1,11.0,28.571428571428573,0
2053,0,0.0,28.571428571428573,0
2054,0,0.0,28.571428571428573,0
2055,1,13.142857142857142,28.571428571428573,1
2056,0,0.0,28.571428571428573,0
2057,1,8.428571428571429,28.571428571428573,0
2058,1,25.428571428571427,28.571428571428573,0
2059,0,0.0,28.571428571428573,0
2060,0,0.0,28.571428571428573,0
2061,0,0.0,28.428571428571427,0
2062,0,0.0,28.428571428571427,0
2063,0,0.0,28.428571428571427,0
2064,0,0.0,28.428571428571427,0
2065,0,0.0,28.428571428571427,0
2066,0,0.0,28.428571428571427,1
2067,0,0.0,28.428571428571427,0
2068,2,27.714285714285715,28.428571428571427,2
2069,3,27.714285714285715,28.428571428571427,1
2070,0,0.0,28.428571428571427,0
2071,1,13.857142857142858,28.428571428571427,2
2072,0,0.0,28.428571428571427,0
2073,1,4.142857142857143,28.428571428571427,2
2074,1,21.142857142857142,28.428571428571427,2
2075,3,7.285714285714286,28.428571428571427,0
2076,3,27.714285714285715,28.428571428571427,3
2077,0,0.0,28.428571428571427,1
2078,0,0.0,28.428571428571427,0
2079,0,0.0,28.428571428571427,3
2080,0,0.0,28.428571428571427,3
2081,1,1.4285714285714286,28.428571428571427,0
2082,0,0.0,28.428571428571427,0
2083,2,8.428571428571429,28.428571428571427,3
2084,0,0.0,28.428571428571427,0
2085,1,0.8571428571428571,28.428571428571427,0
2086,0,0.0,28.285714285714285,0
2087,0,0.0,28.285714285714285,1
2088,0,0.0,28.285714285714285,0
2089,1,28.285714285714285,28.285714285714285,1
2090,1,1.2857142857142858,28.285714285714285,0
2091,0,0.0,28.285714285714285,0
2092,2,5.428571428571429,28.285714285714285,1
2093,0,0.0,28.285714285714285,0
2094,2,22.142857142857142,28.285714285714285,1
2095,0,0.0,28.285714285714285,0
2096,3,26.0,28.285714285714285,2
2097,0,0.0,28.285714285714285,0
2098,4,11.142857142857142,28.285714285714285,0
2099,0,0.0,28.285714285714285,1
2100,1,11.0,28.285714285714285,1
2101,1,7.571428571428571,28.285714285714285,0
2102,0,0.0,28.285714285714285,0
2103,0,0.0,28.285714285714285,3
2104,1,18.857142857142858,28.285714285714285,0
2105,0,0.0,28.285714285714285,0
2106,3,21.142857142857142,28.285714285714285,1
2107,0,0.0,28.285714285714285,0
2108,0,0.0,28.285714285714285,0
2109,0,0.0,28.285714285714285,0
2110,1,13.285714285714286,28.285714285714285,2
2111,1,1.5714285714285714,28.285714285714285,0
2112,0,0.0,28.285714285714285,1
2113,0,0.0,28.285714285714285,0
2114,0,0.0,28.285714285714285,0
2115,0,0.0,28.285714285714285,0
2116,0,0.0,28.285714285714285,0
2117,1,19.0,28.285714285714285,2
2118,0,0.0,28.285714285714285,2
2119,1,4.285714285714286,28.285714285714285,0
2120,0,0.0,28.142857142857142,1
2121,3,27.714285714285715,28.142857142857142,1
2122,0,0.0,28.142857142857142,0
2123,6,12.428571428571429,28.142857142857142,0
2124,0,0.0,28.142857142857142,0
2125,0,0.0,28.142857142857142,0
2126,0,0.0,28.142857142857142,0
2127,0,0.0,28.142857142857142,0
2128,3,24.428571428571427,28.142857142857142,2
2129,0,0.0,28.142857142857142,0
2130,0,0.0,28.142857142857142,0
2131,0,0.0,28.142857142857142,0
2132,2,25.0,28.142857142857142,2
2133,5,9.571428571428571,28.142857142857142,0
2134,0,0.0,28.142857142857142,0
2135,1,3.5714285714285716,28.142857142857142,0
2136,0,0.0,28.142857142857142,0
2137,0,0.0,28.142857142857142,0
2138,1,2.857142857142857,28.142857142857142,1
2139,0,0.0,28.142857142857142,0
2140,1,7.142857142857143,28.142857142857142,0
2141,0,0.0,28.142857142857142,0
2142,0,0.0,28.142857142857142,0
2143,2,17.0,28.142857142857142,2
2144,0,0.0,28.142857142857142,0
2145,1,5.428571428571429,28.142857142857142,0
2146,2,24.571428571428573,28.142857142857142,1
2147,0,0.0,28.142857142857142,0
2148,0,0.0,28.0,0
2149,7,26.857142857142858,28.0,21
2150,0,0.0,28.0,0
2151,0,0.0,28.0,0
2152,2,14.285714285714286,28.0,2
2153,0,0.0,28.0,0
2154,2,21.857142857142858,28.0,2
2155,2,2.857142857142857,28.0,2
2156,0,0.0,28.0,0
2157,0,0.0,28.0,0
2158,0,0.0,28.0,0
2159,0,0.0,28.0,0
2160,0,0.0,28.0,0
2161,2,8.428571428571429,28.0,0
2162,0,0.0,28.0,0
2163,8,27.571428571428573,28.0,0
2164,0,0.0,28.0,0
2165,0,0.0,28.0,1
2166,5,18.428571428571427,28.0,0
2167,0,0.0,28.0,1
2168,1,8.428571428571429,28.0,2
2169,0,0.0,28.0,0
2170,1,1.4285714285714286,28.0,0
2171,0,0.0,28.0,0
2172,1,3.5714285714285716,28.0,3
2173,0,0.0,28.0,0
2174,0,0.0,28.0,1
2175,1,11.285714285714286,28.0,1
2176,0,0.0,28.0,0
2177,3,8.0,28.0,1
2178,0,0.0,28.0,0
2179,2,20.571428571428573,27.857142857142858,3
2180,0,0.0,27.857142857142858,1
2181,0,0.0,27.857142857142858,0
2182,0,0.0,27.857142857142858,0
2183,2,12.571428571428571,27.857142857142858,2
2184,1,19.571428571428573,27.857142857142858,0
2185,0,0.0,27.857142857142858,0
2186,0,0.0,27.857142857142858,1
2187,0,0.0,27.857142857142858,0
2188,0,0.0,27.857142857142858,0
2189,1,0.14285714285714285,27.857142857142858,0
2190,0,0.0,27.857142857142858,0
2191,2,25.714285714285715,27.857142857142858,0
2192,0,0.0,27.857142857142858,1
2193,0,0.0,27.857142857142858,0
2194,0,0.0,27.857142857142858,0
2195,0,0.0,27.857142857142858,0
2196,2,23.714285714285715,27.857142857142858,0
2197,0,0.0,27.857142857142858,0
2198,0,0.0,27.857142857142858,0
2199,1,7.428571428571429,27.857142857142858,1
2200,0,0.0,27.857142857142858,0
2201,1,23.571428571428573,27.857142857142858,0
2202,2,24.428571428571427,27.857142857142858,1
2203,0,0.0,27.857142857142858,0
2204,0,0.0,27.857142857142858,1
2205,1,1.7142857142857142,27.857142857142858,0
2206,0,0.0,27.857142857142858,0
2207,2,7.571428571428571,27.714285714285715,1
2208,0,0.0,27.714285714285715,1
2209,0,0.0,27.714285714285715,0
2210,3,25.714285714285715,27.714285714285715,1
2211,0,0.0,27.714285714285715,0
2212,0,0.0,27.714285714285715,0
2213,0,0.0,27.714285714285715,1
2214,1,21.571428571428573,27.714285714285715,0
2215,0,0.0,27.714285714285715,0
2216,0,0.0,27.714285714285715,0
2217,0,0.0,27.714285714285715,0
2218,1,14.0,27.714285714285715,0
2219,0,0.0,27.714285714285715,0
2220,9,25.285714285714285,27.714285714285715,12
2221,3,20.142857142857142,27.714285714285715,4
2222,0,0.0,27.714285714285715,2
2223,0,0.0,27.714285714285715,0
2224,0,0.0,27.714285714285715,0
2225,0,0.0,27.714285714285715,0
2226,0,0.0,27.714285714285715,0
2227,0,0.0,27.714285714285715,1
2228,3,19.857142857142858,27.571428571428573,7
2229,0,0.0,27.571428571428573,0
2230,0,0.0,27.571428571428573,0
2231,2,26.428571428571427,27.571428571428573,0
2232,0,0.0,27.571428571428573,0
2233,1,27.285714285714285,27.571428571428573,0
2234,1,21.428571428571427,27.571428571428573,2
2235,1,7.714285714285714,27.571428571428573,0
2236,0,0.0,27.571428571428573,0
2237,0,0.0,27.571428571428573,1
2238,0,0.0,27.571428571428573,0
2239,2,6.428571428571429,27.571428571428573,6
2240,6,27.571428571428573,27.571428571428573,1
2241,0,0.0,27.571428571428573,0
2242,0,0.0,27.571428571428573,0
2243,0,0.0,27.571428571428573,0
2244,0,0.0,27.571428571428573,0
2245,0,0.0,27.571428571428573,0
2246,0,0.0,27.571428571428573,0
2247,0,0.0,27.428571428571427,0
2248,0,0.0,27.428571428571427,1
2249,0,0.0,27.428571428571427,0
2250,1,9.714285714285714,27.428571428571427,0
2251,0,0.0,27.428571428571427,0
2252,1,8.428571428571429,27.428571428571427,0
2253,0,0.0,27.428571428571427,2
2254,1,3.7142857142857144,27.428571428571427,1
2255,0,0.0,27.428571428571427,0
2256,0,0.0,27.428571428571427,0
2257,0,0.0,27.428571428571427,0
2258,0,0.0,27.428571428571427,0
2259,0,0.0,27.428571428571427,0
2260,1,9.0,27.428571428571427,1
2261,4,23.0,27.428571428571427,9
2262,0,0.0,27.428571428571427,0
2263,0,0.0,27.428571428571427,4
2264,2,27.0,27.428571428571427,0
2265,0,0.0,27.428571428571427,4
2266,0,0.0,27.428571428571427,0
2267,0,0.0,27.428571428571427,1
2268,0,0.0,27.428571428571427,0
2269,0,0.0,27.428571428571427,0
2270,1,16.285714285714285,27.428571428571427,0
2271,0,0.0,27.285714285714285,0
2272,0,0.0,27.285714285714285,0
2273,0,0.0,27.285714285714285,0
2274,1,4.857142857142857,27.285714285714285,0
2275,0,0.0,27.285714285714285,0
2276,0,0.0,27.285714285714285,9
2277,0,0.0,27.285714285714285,0
2278,1,22.142857142857142,27.285714285714285,0
2279,0,0.0,27.285714285714285,0
2280,2,20.714285714285715,27.285714285714285,7
2281,0,0.0,27.285714285714285,0
2282,1,0.7142857142857143,27.285714285714285,0
2283,0,0.0,27.285714285714285,0
2284,0,0.0,27.285714285714285,0
2285,6,13.285714285714286,27.285714285714285,0
2286,0,0.0,27.285714285714285,0
2287,0,0.0,27.285714285714285,1
2288,0,0.0,27.285714285714285,0
2289,0,0.0,27.285714285714285,0
2290,1,15.857142857142858,27.285714285714285,0
2291,0,0.0,27.285714285714285,0
2292,0,0.0,27.285714285714285,0
2293,2,15.428571428571429,27.285714285714285,2
2294,6,21.142857142857142,27.285714285714285,4
2295,0,0.0,27.142857142857142,2
2296,1,12.142857142857142,27.142857142857142,0
2297,0,0.0,27.142857142857142,0
2298,0,0.0,27.142857142857142,0
2299,0,0.0,27.142857142857142,0
2300,0,0.0,27.142857142857142,0
2301,2,19.0,27.142857142857142,1
2302,0,0.0,27.142857142857142,0
2303,7,23.428571428571427,27.142857142857142,2
2304,0,0.0,27.142857142857142,0
2305,1,24.428571428571427,27.142857142857142,2
2306,2,8.285714285714286,27.142857142857142,1
2307,1,6.142857142857143,27.142857142857142,1
2308,1,1.5714285714285714,27.142857142857142,0
2309,1,0.42857142857142855,27.142857142857142,1
2310,0,0.0,27.142857142857142,0
2311,0,0.0,27.142857142857142,0
2312,1,25.857142857142858,27.142857142857142,5
2313,5,18.0,27.142857142857142,0
2314,0,0.0,27.142857142857142,0
2315,1,7.857142857142857,27.142857142857142,0
2316,0,0.0,27.142857142857142,1
2317,0,0.0,27.142857142857142,0
2318,2,13.285714285714286,27.142857142857142,2
2319,0,0.0,27.142857142857142,0
2320,0,0.0,27.142857142857142,0
2321,0,0.0,27.142857142857142,1
2322,0,0.0,27.142857142857142,0
2323,0,0.0,27.142857142857142,0
2324,0,0.0,27.142857142857142,0
2325,1,2.5714285714285716,27.142857142857142,0
2326,0,0.0,27.142857142857142,0
2327,0,0.0,27.142857142857142,0
2328,1,21.428571428571427,27.0,0
2329,0,0.0,27.0,0
2330,1,13.714285714285714,27.0,5
2331,0,0.0,27.0,0
2332,5,13.0,27.0,0
2333,1,20.428571428571427,27.0,1
2334,0,0.0,27.0,0
2335,1,2.5714285714285716,27.0,0
2336,2,6.857142857142857,27.0,2
2337,0,0.0,27.0,0
2338,0,0.0,27.0,0
2339,1,11.714285714285714,27.0,0
2340,2,17.571428571428573,27.0,4
2341,0,0.0,27.0,0
2342,1,6.285714285714286,27.0,2
2343,0,0.0,27.0,2
2344,2,12.0,27.0,3
2345,0,0.0,27.0,0
2346,1,7.571428571428571,27.0,1
2347,2,9.857142857142858,27.0,4
2348,7,24.142857142857142,27.0,2
2349,1,9.285714285714286,27.0,0
2350,2,21.857142857142858,27.0,2
2351,0,0.0,27.0,0
2352,0,0.0,27.0,1
2353,0,0.0,27.0,2
2354,5,24.285714285714285,27.0,0
2355,0,0.0,27.0,1
2356,4,26.571428571428573,27.0,2
2357,0,0.0,27.0,0
